covidtrialID,locationID
NCT04372602,loc_0
NCT04482621,loc_0
NCT04459637,loc_10
NCT04425538,loc_0
NCT04547257,loc_13
NCT04452435,loc_17
NCT04452435,loc_5
NCT04333550,loc_40
NCT04336904,loc_3
NCT04445272,loc_2
NCT04354831,loc_0
NCT04540393,loc_7
NCT04345445,loc_30
NCT04359095,loc_23
NCT04508712,loc_10
NCT04355741,loc_38
NCT04388683,loc_0
NCT04501796,loc_0
NCT04331509,loc_0
NCT04331509,loc_5
NCT04466644,loc_0
NCT04431908,loc_0
NCT04343183,loc_0
NCT04347915,loc_31
NCT04333407,loc_5
NCT04470622,loc_0
NCT04470622,loc_59
NCT04452669,loc_0
NCT04406389,loc_0
NCT04342637,loc_0
NCT04342637,loc_14
NCT04342637,loc_40
NCT04412486,loc_0
NCT04336462,loc_10
NCT04534673,loc_28
NCT04393038,loc_12
NCT04393038,loc_4
NCT04393038,loc_1
NCT04393038,loc_8
NCT04393038,loc_3
NCT04393038,loc_2
NCT04393038,loc_5
NCT04404179,loc_25
NCT04490174,loc_0
NCT04474483,loc_0
NCT04342689,loc_0
NCT04479358,loc_0
NCT04389658,loc_2
NCT04363346,loc_0
NCT04401423,loc_0
NCT04392141,loc_40
NCT04449718,loc_4
NCT04324489,loc_10
NCT04370262,loc_0
NCT04347993,loc_0
NCT04472572,loc_0
NCT04549831,loc_3
NCT04497324,loc_27
NCT04323228,loc_26
NCT04474496,loc_0
NCT04376788,loc_14
NCT04366882,loc_12
NCT04335123,loc_0
NCT04434248,loc_7
NCT04350593,loc_0
NCT04350593,loc_4
NCT04372979,loc_1
NCT04456413,loc_0
NCT04464395,loc_0
NCT04343755,loc_0
NCT04425629,loc_0
NCT04321421,loc_3
NCT04432298,loc_0
NCT04445233,loc_0
NCT04329611,loc_6
NCT04387929,loc_3
NCT04306497,loc_10
NCT04321993,loc_6
NCT04351659,loc_37
NCT04544605,loc_35
NCT04323332,loc_10
NCT04382066,loc_2
NCT04390178,loc_20
NCT04528368,loc_4
NCT04465695,loc_35
NCT04339660,loc_10
NCT04375202,loc_3
NCT04444310,loc_14
NCT04527081,loc_32
NCT04352582,loc_5
NCT04382092,loc_12
NCT04463472,loc_32
NCT04412252,loc_0
NCT04287686,loc_10
NCT04464408,loc_26
NCT04364022,loc_19
NCT04361916,loc_3
NCT04385108,loc_1
NCT04344015,loc_0
NCT04344145,loc_12
NCT04370808,loc_38
NCT04354389,loc_3
NCT04381052,loc_0
NCT04317092,loc_3
NCT04480632,loc_23
NCT04333420,loc_13
NCT04324996,loc_10
NCT04391712,loc_0
NCT04495101,loc_2
NCT04426695,loc_0
NCT04385043,loc_3
NCT04397822,loc_1
NCT04384497,loc_20
NCT04542694,loc_7
NCT04432324,loc_2
NCT04340232,loc_0
NCT04359615,loc_40
NCT04532931,loc_16
NCT04511819,loc_0
NCT04511819,loc_4
NCT04511819,loc_15
NCT04359316,loc_40
NCT04536298,loc_0
NCT04547127,loc_2
NCT04343768,loc_40
NCT04497948,loc_0
NCT04492475,loc_0
NCT04492475,loc_32
NCT04492475,loc_31
NCT04492475,loc_37
NCT04459520,loc_0
NCT04358536,loc_0
NCT04329832,loc_0
NCT04524507,loc_0
NCT04388410,loc_15
NCT04382781,loc_2
NCT04401579,loc_0
NCT04401579,loc_11
NCT04401579,loc_32
NCT04401579,loc_31
NCT04401579,loc_37
NCT04401579,loc_2
NCT04401579,loc_5
NCT04252118,loc_10
NCT04280705,loc_0
NCT04280705,loc_11
NCT04280705,loc_8
NCT04280705,loc_21
NCT04280705,loc_32
NCT04280705,loc_31
NCT04280705,loc_37
NCT04280705,loc_5
NCT04362865,loc_0
NCT04497298,loc_12
NCT04497298,loc_1
NCT04348396,loc_3
NCT04449588,loc_10
NCT04449588,loc_43
NCT04411147,loc_0
NCT04406324,loc_1
NCT04534595,loc_6
NCT04475107,loc_31
NCT04449731,loc_2
NCT04410354,loc_0
NCT04330586,loc_31
NCT04361942,loc_2
NCT04331171,loc_1
NCT04466670,loc_4
NCT04380688,loc_0
NCT04346199,loc_22
NCT04346199,loc_1
NCT04346199,loc_8
NCT04346199,loc_3
NCT04346199,loc_2
NCT04346199,loc_18
NCT04521309,loc_25
NCT04390594,loc_69
NCT04367792,loc_3
NCT04474067,loc_28
NCT04418505,loc_0
NCT04418505,loc_6
NCT04359953,loc_1
NCT04527198,loc_1
NCT04365257,loc_0
NCT04481620,loc_1
NCT04466540,loc_4
NCT04350671,loc_40
NCT04456153,loc_0
NCT04348656,loc_0
NCT04348656,loc_6
NCT04350684,loc_40
NCT04350073,loc_0
NCT04362943,loc_2
NCT04407494,loc_1
NCT04416048,loc_8
NCT04435184,loc_0
NCT04394884,loc_0
NCT04441385,loc_2
NCT04328285,loc_1
NCT04525443,loc_0
NCT04366739,loc_1
NCT04405310,loc_15
NCT04315298,loc_0
NCT04404062,loc_5
NCT04516746,loc_0
NCT04352933,loc_5
NCT04425252,loc_0
NCT04452942,loc_0
NCT04275947,loc_10
NCT04416256,loc_1
NCT04394442,loc_26
NCT04477889,loc_0
NCT04377620,loc_0
NCT04501783,loc_7
NCT04535869,loc_14
NCT04473053,loc_5
NCT04330638,loc_12
NCT04422509,loc_13
NCT04341168,loc_8
NCT04359797,loc_0
NCT04513470,loc_28
NCT04363372,loc_5
NCT04389567,loc_0
NCT04361214,loc_0
NCT04483635,loc_6
NCT04413045,loc_14
NCT04337762,loc_0
NCT04369742,loc_0
NCT04368234,loc_0
NCT04348942,loc_0
NCT04367896,loc_3
NCT04343690,loc_0
NCT04487964,loc_14
NCT04418518,loc_0
NCT04465604,loc_26
NCT04485429,loc_4
NCT04408066,loc_5
NCT04347850,loc_1
NCT04452474,loc_0
NCT04369300,loc_17
NCT04326920,loc_12
NCT04380519,loc_7
NCT04492865,loc_14
NCT04332081,loc_0
NCT04377477,loc_3
NCT04304313,loc_10
NCT04365699,loc_0
NCT04477642,loc_0
NCT04400890,loc_0
NCT04422379,loc_17
NCT04395664,loc_11
NCT04405908,loc_9
NCT04436484,loc_5
NCT04492943,loc_0
NCT04382755,loc_12
NCT04344587,loc_0
NCT04441996,loc_0
NCT04353284,loc_0
NCT04337541,loc_11
NCT04389710,loc_0
NCT04528641,loc_3
NCT04351243,loc_0
NCT04351646,loc_5
NCT04400812,loc_14
NCT04379440,loc_3
NCT04377035,loc_11
NCT04462757,loc_5
NCT04359277,loc_0
NCT04354805,loc_14
NCT04351763,loc_29
NCT04415151,loc_0
NCT04338347,loc_0
NCT04356690,loc_0
NCT04468087,loc_4
NCT04369807,loc_5
NCT04375124,loc_18
NCT04458298,loc_0
NCT04412785,loc_0
NCT04377789,loc_18
NCT04459819,loc_3
NCT04383002,loc_6
NCT04376398,loc_12
NCT04327674,loc_11
NCT04361981,loc_2
NCT04424797,loc_0
NCT04451889,loc_7
NCT04366050,loc_0
NCT04368065,loc_0
NCT04435041,loc_5
NCT04446377,loc_0
NCT04444271,loc_25
NCT04370223,loc_2
NCT04341675,loc_0
NCT04394416,loc_0
NCT04397757,loc_0
NCT04329923,loc_0
NCT04361643,loc_2
NCT04472013,loc_19
NCT04463602,loc_15
NCT04318418,loc_3
NCT04493307,loc_0
NCT04541979,loc_20
NCT04285801,loc_35
NCT04365738,loc_18
NCT04372628,loc_0
NCT04514627,loc_0
NCT04421027,loc_0
NCT04421027,loc_22
NCT04421027,loc_4
NCT04421027,loc_8
NCT04421027,loc_3
NCT04421027,loc_32
NCT04421027,loc_31
NCT04421027,loc_15
NCT04421027,loc_7
NCT04421027,loc_2
NCT04421027,loc_5
NCT04380792,loc_2
NCT04376879,loc_1
NCT04484545,loc_5
NCT04361500,loc_8
NCT04304053,loc_2
NCT04355143,loc_0
NCT04480424,loc_0
NCT04362085,loc_6
NCT04372004,loc_0
NCT04351620,loc_0
NCT04360278,loc_0
NCT04319315,loc_14
NCT04403386,loc_0
NCT04412772,loc_0
NCT04552951,loc_2
NCT04424849,loc_18
NCT04334382,loc_0
NCT04438057,loc_0
NCT04374903,loc_49
NCT04367662,loc_1
NCT04473118,loc_75
NCT04463420,loc_40
NCT04354597,loc_49
NCT04410159,loc_30
NCT04393311,loc_0
NCT04500132,loc_31
NCT04442191,loc_0
NCT04392414,loc_7
NCT04358211,loc_0
NCT04362189,loc_0
NCT04391127,loc_15
NCT04335136,loc_24
NCT04335136,loc_11
NCT04389645,loc_28
NCT04331366,loc_0
NCT04457726,loc_37
NCT04358549,loc_0
NCT04372368,loc_0
NCT04330690,loc_6
NCT04456452,loc_0
NCT04396106,loc_0
NCT04331795,loc_0
NCT04333225,loc_0
NCT04351724,loc_24
NCT04452617,loc_1
NCT04429867,loc_0
NCT04344444,loc_0
NCT04494724,loc_0
NCT04359264,loc_6
NCT04377659,loc_0
NCT04344080,loc_8
NCT04473131,loc_75
NCT04380779,loc_2
NCT04474457,loc_18
NCT04486313,loc_0
NCT04483908,loc_19
NCT04391920,loc_0
NCT04427566,loc_0
NCT04382586,loc_0
NCT04429711,loc_28
NCT04365634,loc_10
NCT04347954,loc_0
NCT04307693,loc_31
NCT04344236,loc_0
NCT04363814,loc_92
NCT04397562,loc_7
NCT04345692,loc_0
NCT04364763,loc_0
NCT04433910,loc_8
NCT04411628,loc_0
NCT04397718,loc_0
NCT04331899,loc_0
NCT04362332,loc_13
NCT04341506,loc_0
NCT04434131,loc_0
NCT04427501,loc_0
NCT04331834,loc_2
NCT04386252,loc_0
NCT04465474,loc_10
NCT04465474,loc_35
NCT04313322,loc_49
NCT04542850,loc_67
NCT04501952,loc_0
NCT04313023,loc_0
NCT04336254,loc_10
NCT04466280,loc_40
NCT04456595,loc_4
NCT04332094,loc_2
NCT04292899,loc_0
NCT04292899,loc_10
NCT04292899,loc_1
NCT04292899,loc_8
NCT04292899,loc_35
NCT04292899,loc_3
NCT04292899,loc_32
NCT04292899,loc_31
NCT04292899,loc_13
NCT04292899,loc_37
NCT04292899,loc_2
NCT04292899,loc_20
NCT04292899,loc_48
NCT04292899,loc_5
NCT04481633,loc_1
NCT04370782,loc_0
NCT04312997,loc_0
NCT04334980,loc_9
NCT04377711,loc_0
NCT04360551,loc_0
NCT04343989,loc_0
NCT04488081,loc_0
NCT04421404,loc_0
NCT04348435,loc_0
NCT04460183,loc_5
NCT04308317,loc_10
NCT04431453,loc_0
NCT04431453,loc_2
NCT04431453,loc_5
NCT04292730,loc_0
NCT04292730,loc_10
NCT04292730,loc_1
NCT04292730,loc_8
NCT04292730,loc_35
NCT04292730,loc_3
NCT04292730,loc_32
NCT04292730,loc_31
NCT04292730,loc_13
NCT04292730,loc_37
NCT04292730,loc_2
NCT04292730,loc_20
NCT04292730,loc_48
NCT04292730,loc_5
NCT04445935,loc_75
NCT04399317,loc_75
NCT04421625,loc_1
NCT04463264,loc_22
NCT04484597,loc_14
NCT04345523,loc_2
NCT04542967,loc_15
NCT04395391,loc_0
NCT04374279,loc_0
NCT04371965,loc_1
NCT04381962,loc_5
NCT04473170,loc_47
NCT04346615,loc_0
NCT04482699,loc_0
NCT04448119,loc_6
NCT04491292,loc_0
NCT04343976,loc_0
NCT04482647,loc_0
NCT04537117,loc_14
NCT04312464,loc_10
NCT04534790,loc_15
NCT04363866,loc_0
NCT04344171,loc_8
NCT04382625,loc_0
NCT04427098,loc_3
NCT04408209,loc_21
NCT04508777,loc_0
NCT04347369,loc_10
NCT04381858,loc_15
NCT04371822,loc_14
NCT04461925,loc_39
NCT04346355,loc_3
NCT04353596,loc_24
NCT04353596,loc_8
NCT04394117,loc_9
NCT04305106,loc_10
NCT04460105,loc_0
NCT04417335,loc_13
NCT04244591,loc_10
NCT04320615,loc_0
NCT04320615,loc_6
NCT04320615,loc_11
NCT04320615,loc_1
NCT04320615,loc_8
NCT04320615,loc_3
NCT04320615,loc_13
NCT04320615,loc_2
NCT04320615,loc_5
NCT04538586,loc_1
NCT04336956,loc_1
NCT04407130,loc_45
NCT04372186,loc_0
NCT04372186,loc_4
NCT04372186,loc_71
NCT04372186,loc_15
NCT04372186,loc_27
NCT04372186,loc_16
NCT04347070,loc_1
NCT04386616,loc_0
NCT04386616,loc_4
NCT04386616,loc_15
NCT04386616,loc_2
NCT04363736,loc_0
NCT04472494,loc_0
NCT04329650,loc_2
NCT04359602,loc_0
NCT04417257,loc_0
NCT04417257,loc_6
NCT04455815,loc_5
NCT04331470,loc_40
NCT04404244,loc_14
NCT04355884,loc_35
NCT04374838,loc_14
NCT04409262,loc_0
NCT04409262,loc_4
NCT04409262,loc_7
NCT04390503,loc_0
NCT04374032,loc_76
NCT04344925,loc_6
NCT04376593,loc_0
NCT04328441,loc_13
NCT04373889,loc_12
NCT04542421,loc_0
NCT04487210,loc_48
NCT04425460,loc_10
NCT04425460,loc_41
NCT04386109,loc_5
NCT04354870,loc_0
NCT04342221,loc_8
NCT04411680,loc_0
NCT04449380,loc_3
NCT04325061,loc_2
NCT04368000,loc_0
NCT04460690,loc_0
NCT04483622,loc_14
NCT04382729,loc_3
NCT04476888,loc_25
NCT04376996,loc_62
NCT04339608,loc_17
NCT04476953,loc_0
NCT04445285,loc_0
NCT04356560,loc_11
NCT04498325,loc_0
NCT04475471,loc_22
NCT04475471,loc_76
NCT04475471,loc_72
NCT04475471,loc_17
NCT04475471,loc_40
NCT04475471,loc_73
NCT04368390,loc_1
NCT04368728,loc_0
NCT04368728,loc_22
NCT04368728,loc_4
NCT04368728,loc_18
NCT04401241,loc_68
NCT04527562,loc_45
NCT04463433,loc_10
NCT04466657,loc_42
NCT04346056,loc_14
NCT04461340,loc_14
NCT04510623,loc_6
NCT04381312,loc_1
NCT04366960,loc_3
NCT04490811,loc_1
NCT04385017,loc_1
NCT04558307,loc_0
NCT04280588,loc_10
NCT04393558,loc_0
NCT04540406,loc_0
NCT04343248,loc_0
NCT04389554,loc_18
NCT04382651,loc_0
NCT04523090,loc_16
NCT04367805,loc_1
NCT04429724,loc_1
NCT04423978,loc_3
NCT04359680,loc_0
NCT04329559,loc_10
NCT04486482,loc_0
NCT04530474,loc_0
NCT04318301,loc_10
NCT04357535,loc_26
NCT04436471,loc_7
NCT04377815,loc_5
NCT04420182,loc_6
NCT04412538,loc_10
NCT04374084,loc_10
NCT04426344,loc_0
NCT04375761,loc_0
NCT04410107,loc_4
NCT04435808,loc_0
NCT04273646,loc_10
NCT04459286,loc_42
NCT04414124,loc_0
NCT04370821,loc_0
NCT04470609,loc_10
NCT04513158,loc_0
NCT04383574,loc_10
NCT04352608,loc_10
NCT04338074,loc_0
NCT04337359,loc_43
NCT04337359,loc_3
NCT04355871,loc_2
NCT04332107,loc_0
NCT04344457,loc_0
NCT04346017,loc_12
NCT04345991,loc_1
NCT04356534,loc_67
NCT04444596,loc_24
NCT04438239,loc_3
NCT04343742,loc_23
NCT04345536,loc_33
NCT04342182,loc_13
NCT04347174,loc_17
NCT04409522,loc_40
NCT04508972,loc_6
NCT04360980,loc_40
NCT04511650,loc_0
NCT04468256,loc_5
NCT04336774,loc_0
NCT04393246,loc_5
NCT04420741,loc_11
NCT04382794,loc_3
NCT04427345,loc_3
NCT04365816,loc_1
NCT04437706,loc_0
NCT04403828,loc_14
NCT04443881,loc_2
NCT04363060,loc_1
NCT04545047,loc_0
NCT04365127,loc_0
NCT04328493,loc_57
NCT04371432,loc_0
NCT04392245,loc_3
NCT04447131,loc_4
NCT04504240,loc_45
NCT04372017,loc_0
NCT04413955,loc_0
NCT04368884,loc_17
NCT04469179,loc_0
NCT04363203,loc_0
NCT04343781,loc_1
NCT04252664,loc_10
NCT04349241,loc_14
NCT04371510,loc_1
NCT04367402,loc_3
NCT04492904,loc_37
NCT04378777,loc_0
NCT04545060,loc_0
NCT04424446,loc_0
NCT04478019,loc_0
NCT04535674,loc_7
NCT04535674,loc_2
NCT04423003,loc_8
NCT04341389,loc_10
NCT04380532,loc_6
NCT04380532,loc_93
NCT04426253,loc_36
NCT03891420,loc_4
NCT04383444,loc_0
NCT04460170,loc_13
NCT04486001,loc_0
NCT04412668,loc_0
NCT04470583,loc_5
NCT04444531,loc_2
NCT04537949,loc_8
NCT04346628,loc_0
NCT04470531,loc_45
NCT04394208,loc_14
NCT04333472,loc_28
NCT04384250,loc_14
NCT04358068,loc_0
NCT04374513,loc_14
NCT04437875,loc_7
NCT04351152,loc_0
NCT04471051,loc_0
NCT04477655,loc_15
NCT04548908,loc_1
NCT04497987,loc_0
NCT04330521,loc_0
NCT04366180,loc_2
NCT04364802,loc_0
NCT04283461,loc_0
NCT04389944,loc_19
NCT04530422,loc_14
NCT04471766,loc_77
NCT04411433,loc_18
NCT04490837,loc_2
NCT04487886,loc_0
NCT04360122,loc_14
NCT04480593,loc_4
NCT04483960,loc_9
NCT04427332,loc_3
NCT04341116,loc_0
NCT04513990,loc_0
NCT04336332,loc_0
NCT04549376,loc_45
NCT04386044,loc_5
NCT04392089,loc_11
NCT04380727,loc_1
NCT04350931,loc_14
NCT04529499,loc_60
NCT04346043,loc_14
NCT04402840,loc_0
NCT04358081,loc_0
NCT04373044,loc_0
NCT04434157,loc_15
NCT04476823,loc_1
NCT04513184,loc_15
NCT04402866,loc_0
NCT04359667,loc_63
NCT04505709,loc_2
NCT04408456,loc_17
NCT04527575,loc_7
NCT04355507,loc_1
NCT04456049,loc_19
NCT04498247,loc_12
NCT04427267,loc_7
NCT04424940,loc_94
NCT04347876,loc_14
NCT04342897,loc_0
NCT04348214,loc_14
NCT04279197,loc_10
NCT04501978,loc_0
NCT04412265,loc_3
NCT04494867,loc_0
NCT04527458,loc_5
NCT04374526,loc_3
NCT04539275,loc_0
NCT04333732,loc_0
NCT04333732,loc_6
NCT04333732,loc_72
NCT04333732,loc_55
NCT04333732,loc_13
NCT04333732,loc_16
NCT04333732,loc_88
NCT04333732,loc_5
NCT04333732,loc_54
NCT04333732,loc_58
NCT04497779,loc_0
NCT04303299,loc_64
NCT04455308,loc_1
NCT04382235,loc_3
NCT04351529,loc_24
NCT04510207,loc_67
NCT04510207,loc_49
NCT04510207,loc_47
NCT04346147,loc_2
NCT04365231,loc_1
NCT04329507,loc_5
NCT04555109,loc_6
NCT04338932,loc_12
NCT04482634,loc_18
NCT04518735,loc_2
NCT04354701,loc_0
NCT04358939,loc_1
NCT04407195,loc_0
NCT04438980,loc_2
NCT04439084,loc_0
NCT04346368,loc_10
NCT04531501,loc_5
NCT04359121,loc_24
NCT04420988,loc_0
NCT04350736,loc_0
NCT04348240,loc_0
NCT04332913,loc_3
NCT04379336,loc_16
NCT04470414,loc_14
NCT04487951,loc_14
NCT04366830,loc_0
NCT04386850,loc_40
NCT04397523,loc_78
NCT04357808,loc_2
NCT04427254,loc_1
NCT04334005,loc_2
NCT04351581,loc_11
NCT04349592,loc_75
NCT04410939,loc_18
NCT04288102,loc_10
NCT04374591,loc_14
NCT04537585,loc_94
NCT04345315,loc_3
NCT04459325,loc_7
NCT04453553,loc_5
NCT04347980,loc_1
NCT04508023,loc_0
NCT04393155,loc_0
NCT04422574,loc_1
NCT04459676,loc_4
NCT04559035,loc_0
NCT04362176,loc_0
NCT04353323,loc_1
NCT04323878,loc_3
NCT04373161,loc_0
NCT04343339,loc_1
NCT04544176,loc_5
NCT04355715,loc_1
NCT04451291,loc_6
NCT04460703,loc_0
NCT04368845,loc_21
NCT04459312,loc_8
NCT04353180,loc_14
NCT04478539,loc_78
NCT04514003,loc_33
NCT04537650,loc_0
NCT04537650,loc_6
NCT04497402,loc_3
NCT04377750,loc_28
NCT04388813,loc_0
NCT04487691,loc_0
NCT04473248,loc_6
NCT04544891,loc_1
NCT04355767,loc_0
NCT04404426,loc_1
NCT04512079,loc_0
NCT04519255,loc_10
NCT04353206,loc_0
NCT04395768,loc_9
NCT04516954,loc_57
NCT04509752,loc_18
NCT04344431,loc_1
NCT04380376,loc_7
NCT04364984,loc_39
NCT04542408,loc_8
NCT04412291,loc_20
NCT04353674,loc_6
NCT04386564,loc_7
NCT04412382,loc_3
NCT04494893,loc_0
NCT04473365,loc_111
NCT04386265,loc_0
NCT04386265,loc_29
NCT04483830,loc_15
NCT04477668,loc_26
NCT04501458,loc_71
NCT04424004,loc_0
NCT04403672,loc_45
NCT04524715,loc_0
NCT04502069,loc_28
NCT04529525,loc_22
NCT04433325,loc_1
NCT04376580,loc_22
NCT04355247,loc_59
NCT04530656,loc_10
NCT04507256,loc_5
NCT04519502,loc_0
NCT04521036,loc_57
NCT04358926,loc_28
NCT04499300,loc_12
NCT04539795,loc_0
NCT04526990,loc_25
NCT04387760,loc_67
NCT04438070,loc_6
NCT04496141,loc_35
NCT04388527,loc_0
NCT04335305,loc_2
NCT04497272,loc_1
NCT04523831,loc_45
NCT04487444,loc_0
NCT04338828,loc_0
NCT04344730,loc_1
NCT04523051,loc_1
NCT04476602,loc_0
NCT04371952,loc_1
NCT04391309,loc_0
NCT04372589,loc_0
NCT04372589,loc_6
NCT04529447,loc_31
NCT04438694,loc_14
NCT04389840,loc_0
NCT04419571,loc_5
NCT04273321,loc_10
NCT04390477,loc_2
NCT04500626,loc_6
NCT04480060,loc_18
NCT04387643,loc_17
NCT04488562,loc_13
NCT04313127,loc_10
NCT04347538,loc_0
NCT04355026,loc_62
NCT04338360,loc_0
NCT04505774,loc_0
NCT04400058,loc_0
NCT04450277,loc_37
NCT04470999,loc_0
NCT04374461,loc_0
NCT04377802,loc_26
NCT04353336,loc_14
NCT04481646,loc_5
NCT04516915,loc_5
NCT04387292,loc_1
NCT04418206,loc_1
NCT04336657,loc_14
NCT04387786,loc_0
NCT04506229,loc_0
NCT04317040,loc_0
NCT04334252,loc_12
NCT04469647,loc_26
NCT04524663,loc_0
NCT04480138,loc_15
NCT04542876,loc_17
NCT04544033,loc_14
NCT04339426,loc_0
NCT04418245,loc_1
NCT04418245,loc_65
NCT04350320,loc_2
NCT04380987,loc_66
NCT04341285,loc_8
NCT04354584,loc_11
NCT04409509,loc_0
NCT04525911,loc_1
NCT04519034,loc_5
NCT04368221,loc_1
NCT04343794,loc_35
NCT04506268,loc_0
NCT04331665,loc_6
NCT04368260,loc_0
NCT04371679,loc_12
NCT04542200,loc_0
NCT04379375,loc_0
NCT04352491,loc_17
NCT04318444,loc_0
NCT04402203,loc_45
NCT04357574,loc_0
NCT04467840,loc_28
NCT04467840,loc_15
NCT04467840,loc_7
NCT04352751,loc_25
NCT04498377,loc_0
NCT04388670,loc_3
NCT04363502,loc_0
NCT04384731,loc_1
NCT04374487,loc_17
NCT04502472,loc_0
NCT04406038,loc_7
NCT04412018,loc_6
NCT04468139,loc_26
NCT04522076,loc_7
NCT04354428,loc_0
NCT04341038,loc_2
NCT04408170,loc_5
NCT04474340,loc_60
NCT04363008,loc_6
NCT04558424,loc_45
NCT04366141,loc_6
NCT04518969,loc_12
NCT04373759,loc_56
NCT04373759,loc_1
NCT04373759,loc_65
NCT04370288,loc_40
NCT04497246,loc_12
NCT04475120,loc_3
NCT04366024,loc_10
NCT04486508,loc_40
NCT04445610,loc_14
NCT04537208,loc_0
NCT04407689,loc_1
NCT04379076,loc_5
NCT04352764,loc_0
NCT04338568,loc_12
NCT04293692,loc_10
NCT04474288,loc_0
NCT04380714,loc_1
NCT04383886,loc_1
NCT04386668,loc_5
NCT03348670,loc_0
NCT04345276,loc_10
NCT04291729,loc_10
NCT04405466,loc_8
NCT04451317,loc_1
NCT03305341,loc_0
NCT04361565,loc_1
NCT04534712,loc_17
NCT04481685,loc_0
NCT04403880,loc_0
NCT04403880,loc_90
NCT04403880,loc_38
NCT04403880,loc_27
NCT04403880,loc_16
NCT04403880,loc_91
NCT04403880,loc_54
NCT04403880,loc_58
NCT04368988,loc_0
NCT04368988,loc_9
NCT04362137,loc_0
NCT04362137,loc_22
NCT04362137,loc_4
NCT04362137,loc_6
NCT04362137,loc_23
NCT04362137,loc_1
NCT04362137,loc_8
NCT04362137,loc_3
NCT04362137,loc_15
NCT04362137,loc_27
NCT04362137,loc_7
NCT04362137,loc_2
NCT04362137,loc_18
NCT04362137,loc_5
NCT04358029,loc_0
NCT04447222,loc_0
NCT04438837,loc_28
NCT04416438,loc_1
NCT04350580,loc_1
NCT04415060,loc_6
NCT04512027,loc_17
NCT04474301,loc_0
NCT04349202,loc_0
NCT04381013,loc_0
NCT04524520,loc_5
NCT04545749,loc_48
NCT04393324,loc_2
NCT04357327,loc_3
NCT04394793,loc_17
NCT04366232,loc_1
NCT04477083,loc_14
NCT04383535,loc_22
NCT04500639,loc_6
NCT04540926,loc_15
NCT04528771,loc_0
NCT04400032,loc_6
NCT04366271,loc_2
NCT04456101,loc_10
NCT04548557,loc_25
NCT04342663,loc_0
NCT04371640,loc_0
NCT04387656,loc_0
NCT04379284,loc_0
NCT04476940,loc_0
NCT04349631,loc_0
NCT04437719,loc_1
NCT04533399,loc_16
NCT04370275,loc_3
NCT04519372,loc_19
NCT04379297,loc_66
NCT04382053,loc_4
NCT04382053,loc_11
NCT04382053,loc_8
NCT04382053,loc_36
NCT04382053,loc_13
NCT04382053,loc_7
NCT04382053,loc_16
NCT04382053,loc_2
NCT04488484,loc_1
NCT04355897,loc_0
NCT04348877,loc_14
NCT04379271,loc_80
NCT04379271,loc_8
NCT04497389,loc_0
NCT04530409,loc_14
NCT04485130,loc_0
NCT04405921,loc_52
NCT04494646,loc_0
NCT04401202,loc_26
NCT04435223,loc_1
NCT04406090,loc_1
NCT04497623,loc_23
NCT04449042,loc_0
NCT04362813,loc_0
NCT04362813,loc_1
NCT04362813,loc_8
NCT04362813,loc_36
NCT04362813,loc_3
NCT04362813,loc_7
NCT04362813,loc_2
NCT04362813,loc_5
NCT04501822,loc_7
NCT04405986,loc_1
NCT04495816,loc_0
NCT04531111,loc_14
NCT04385069,loc_5
NCT04408157,loc_5
NCT04342884,loc_0
NCT04395976,loc_5
NCT04407559,loc_1
NCT04503447,loc_12
NCT04390191,loc_0
NCT04469491,loc_1
NCT04397614,loc_0
NCT04328480,loc_22
NCT04379310,loc_18
NCT04418544,loc_0
NCT04354519,loc_5
NCT04407299,loc_14
NCT04377646,loc_52
NCT04444401,loc_3
NCT04530396,loc_7
NCT04509973,loc_11
NCT04509973,loc_17
NCT04509973,loc_20
NCT04509973,loc_19
NCT04527315,loc_0
NCT04472728,loc_0
NCT04472728,loc_12
NCT04399733,loc_5
NCT04354259,loc_6
NCT04323644,loc_2
NCT04457349,loc_14
NCT04424771,loc_3
NCT04438850,loc_3
NCT04438850,loc_2
NCT04352842,loc_10
NCT04429854,loc_12
NCT04542447,loc_17
NCT04393961,loc_0
NCT04398290,loc_0
NCT04410549,loc_3
NCT04381988,loc_0
NCT04462120,loc_14
NCT04377308,loc_0
NCT04363099,loc_1
NCT04458948,loc_0
NCT04477954,loc_22
NCT04343001,loc_42
NCT04343001,loc_25
NCT04409327,loc_0
NCT04389489,loc_18
NCT04502342,loc_89
NCT04323345,loc_14
NCT04348500,loc_0
NCT04344288,loc_1
NCT04355351,loc_1
NCT04482673,loc_0
NCT04488575,loc_0
NCT04407585,loc_5
NCT04481477,loc_2
NCT04344951,loc_21
NCT04344951,loc_0
NCT04530578,loc_22
NCT04463706,loc_2
NCT04485169,loc_25
NCT04361786,loc_1
NCT04371289,loc_3
NCT04554979,loc_14
NCT04495933,loc_9
NCT04536285,loc_14
NCT04433000,loc_3
NCT04261517,loc_10
NCT04458363,loc_0
NCT04494204,loc_17
NCT04348383,loc_2
NCT04383626,loc_14
NCT04367831,loc_0
NCT04334291,loc_2
NCT04550403,loc_3
NCT04505592,loc_0
NCT04389515,loc_18
NCT04479293,loc_14
NCT04346446,loc_17
NCT04360824,loc_0
NCT04499313,loc_45
NCT04447469,loc_0
NCT04359251,loc_10
NCT04527601,loc_11
NCT04469153,loc_1
NCT04450017,loc_7
NCT04518410,loc_0
NCT04487574,loc_7
NCT04380662,loc_1
NCT04401254,loc_9
NCT04411667,loc_0
NCT04398004,loc_21
NCT04362345,loc_1
NCT04453280,loc_46
NCT04479488,loc_4
NCT04479150,loc_2
NCT04424901,loc_0
NCT04515108,loc_18
NCT04502056,loc_0
NCT04505605,loc_1
NCT04299724,loc_10
NCT04531345,loc_18
NCT04348513,loc_21
NCT04351516,loc_8
NCT04540120,loc_0
NCT04358510,loc_0
NCT04404218,loc_6
NCT04423770,loc_0
NCT04491994,loc_25
NCT04459390,loc_14
NCT04347681,loc_26
NCT04377568,loc_6
NCT04470648,loc_1
NCT04361344,loc_1
NCT04342104,loc_2
NCT04425044,loc_17
NCT04407429,loc_24
NCT04346797,loc_1
NCT04251767,loc_10
NCT04359654,loc_5
NCT04480515,loc_18
NCT04368923,loc_14
NCT04384055,loc_0
NCT04468971,loc_0
NCT04354753,loc_5
NCT04347928,loc_1
NCT04531319,loc_18
NCT04462627,loc_12
NCT04392531,loc_2
NCT04257656,loc_10
NCT04385095,loc_5
NCT04425707,loc_14
NCT04448145,loc_0
NCT04532554,loc_14
NCT04344977,loc_0
NCT04420312,loc_1
NCT04465058,loc_14
NCT04459962,loc_5
NCT04414410,loc_1
NCT04542031,loc_5
NCT04367714,loc_11
NCT04558203,loc_14
NCT04395300,loc_14
NCT04463004,loc_0
NCT04432272,loc_0
NCT04500067,loc_39
NCT04403035,loc_0
NCT04473261,loc_25
NCT04346264,loc_24
NCT04356586,loc_12
NCT04488588,loc_14
NCT04494399,loc_35
NCT04516941,loc_19
NCT04393428,loc_1
NCT04392323,loc_0
NCT04397939,loc_0
NCT04522310,loc_1
NCT04526821,loc_27
NCT04335071,loc_19
NCT04494984,loc_22
NCT04522466,loc_1
NCT04452643,loc_15
NCT04324190,loc_8
NCT04338958,loc_8
NCT04453748,loc_29
NCT04497649,loc_14
NCT04530500,loc_0
NCT04452773,loc_2
NCT04334850,loc_1
NCT04473105,loc_5
NCT04358614,loc_3
NCT04353011,loc_1
NCT04351633,loc_1
NCT04343092,loc_81
NCT04386447,loc_1
NCT04386447,loc_3
NCT04468035,loc_1
NCT04373486,loc_1
NCT04338126,loc_0
NCT04390139,loc_2
NCT04446104,loc_37
NCT04333693,loc_2
NCT04530539,loc_0
NCT04391686,loc_1
NCT04325646,loc_1
NCT04519411,loc_0
NCT04348305,loc_11
NCT04466800,loc_1
NCT04373460,loc_0
NCT04390464,loc_5
NCT04362111,loc_0
NCT04422340,loc_1
NCT04532294,loc_9
NCT04531254,loc_6
NCT04490824,loc_0
NCT04276896,loc_10
NCT04365582,loc_1
NCT04298814,loc_10
NCT04359537,loc_25
NCT04335097,loc_33
NCT04381871,loc_73
NCT04364737,loc_0
NCT04465981,loc_0
NCT04501965,loc_89
NCT04377334,loc_8
NCT04354610,loc_1
NCT04384614,loc_52
NCT03376854,loc_0
NCT04397796,loc_0
NCT04333862,loc_19
NCT04366765,loc_19
NCT04371029,loc_1
NCT04349540,loc_5
NCT04411446,loc_22
NCT04531202,loc_4
NCT04547283,loc_0
NCT04525287,loc_10
NCT04479202,loc_10
NCT04403477,loc_45
NCT04376944,loc_1
NCT04412369,loc_5
NCT04537299,loc_0
NCT04507893,loc_3
NCT04372472,loc_0
NCT04512300,loc_14
NCT04469634,loc_12
NCT04365959,loc_3
NCT04411576,loc_20
NCT04522830,loc_0
NCT04401228,loc_12
NCT04475562,loc_13
NCT04526405,loc_3
NCT04550325,loc_28
NCT04470739,loc_18
NCT04394000,loc_12
NCT04392713,loc_25
NCT04401527,loc_0
NCT04374123,loc_51
NCT04479124,loc_18
NCT04483375,loc_10
NCT04395105,loc_22
NCT04542044,loc_19
NCT04357431,loc_14
NCT04390412,loc_40
NCT04349410,loc_0
NCT04370249,loc_1
NCT04405973,loc_8
NCT04373200,loc_1
NCT04445311,loc_14
NCT04409249,loc_18
NCT04378920,loc_1
NCT04475575,loc_13
NCT04341415,loc_1
NCT04410562,loc_2
NCT04537351,loc_9
NCT04385199,loc_0
NCT04441502,loc_3
NCT04333953,loc_0
NCT04345848,loc_19
NCT04383587,loc_0
NCT04479137,loc_18
NCT04350099,loc_1
NCT04322188,loc_3
NCT04393948,loc_0
NCT04456361,loc_15
NCT04388436,loc_14
NCT04358042,loc_1
NCT04429529,loc_37
NCT04422561,loc_14
NCT04354155,loc_0
NCT04403555,loc_14
NCT04445207,loc_0
NCT04421508,loc_0
NCT04392427,loc_14
NCT04351295,loc_14
NCT04349371,loc_0
NCT04383652,loc_9
NCT04374552,loc_0
NCT04380896,loc_5
NCT04323514,loc_3
NCT04425720,loc_0
NCT04387240,loc_26
NCT04448717,loc_19
NCT04401293,loc_0
NCT04366206,loc_1
NCT04528927,loc_52
NCT04368338,loc_1
NCT04375397,loc_0
NCT04403607,loc_5
NCT04363853,loc_15
NCT04374019,loc_0
NCT04441489,loc_68
NCT04445246,loc_75
NCT04381364,loc_20
NCT04535791,loc_15
NCT04363671,loc_1
NCT04408040,loc_0
NCT04359901,loc_0
NCT04445467,loc_9
NCT04338945,loc_3
NCT04459247,loc_17
NCT04342195,loc_0
NCT04425915,loc_17
NCT04445597,loc_12
NCT04495907,loc_0
NCT04351347,loc_14
NCT04346186,loc_11
NCT04453488,loc_2
NCT04394390,loc_18
NCT04431414,loc_0
NCT04431414,loc_22
NCT04431414,loc_95
NCT04431414,loc_4
NCT04431414,loc_71
NCT04431414,loc_90
NCT04431414,loc_38
NCT04431414,loc_27
NCT04431414,loc_16
NCT04431414,loc_91
NCT04431414,loc_54
NCT04431414,loc_58
NCT04447534,loc_14
NCT04505631,loc_1
NCT04383678,loc_96
NCT04383678,loc_1
NCT04383678,loc_8
NCT04383678,loc_3
NCT04383678,loc_20
NCT04383678,loc_5
NCT04345653,loc_0
NCT04344600,loc_0
NCT04357834,loc_19
NCT04399746,loc_15
NCT04416061,loc_35
NCT04498936,loc_14
NCT04402814,loc_0
NCT04531618,loc_0
NCT04493268,loc_22
NCT04472611,loc_0
NCT04356937,loc_0
NCT04316299,loc_10
NCT04385810,loc_1
NCT04482712,loc_0
NCT04353271,loc_0
NCT04554264,loc_1
NCT04480580,loc_3
NCT04387279,loc_31
NCT04364594,loc_3
NCT04379661,loc_0
NCT04336345,loc_15
NCT04529408,loc_5
NCT04368871,loc_17
NCT04475302,loc_17
NCT04344535,loc_0
NCT04364009,loc_1
NCT04393051,loc_3
NCT04384588,loc_34
NCT04495764,loc_0
NCT04341207,loc_1
NCT04441918,loc_10
NCT04360954,loc_0
NCT04401150,loc_6
NCT04329546,loc_19
NCT04395482,loc_3
NCT04395482,loc_97
NCT04376710,loc_0
NCT04404361,loc_0
NCT04421391,loc_0
NCT04318431,loc_1
NCT04371562,loc_3
NCT04345601,loc_0
NCT04497818,loc_26
NCT04527354,loc_7
NCT04367064,loc_17
NCT04355728,loc_0
NCT04344002,loc_2
NCT04423991,loc_0
NCT04382924,loc_0
NCT04382924,loc_9
NCT04382924,loc_53
NCT04382924,loc_41
NCT04555187,loc_0
NCT04397510,loc_0
NCT04406233,loc_4
NCT04479644,loc_10
NCT04479631,loc_10
NCT04391881,loc_14
NCT04439071,loc_0
NCT04439071,loc_9
NCT04439071,loc_4
NCT04439071,loc_2
NCT04360837,loc_36
NCT04535856,loc_43
NCT04399109,loc_9
NCT04556565,loc_2
NCT04466462,loc_2
NCT04344548,loc_23
NCT04409834,loc_0
NCT04334460,loc_0
NCT04334460,loc_4
NCT04378712,loc_10
NCT04390022,loc_2
NCT04426292,loc_12
NCT04341441,loc_0
NCT04403269,loc_1
NCT04445389,loc_31
NCT04418557,loc_0
NCT04405570,loc_0
NCT04551378,loc_0
NCT04359303,loc_2
NCT04366245,loc_2
NCT04490486,loc_0
NCT04336384,loc_1
NCT04500600,loc_0
NCT04355494,loc_0
NCT04369365,loc_24
NCT04473157,loc_14
NCT04443140,loc_18
NCT04485364,loc_1
NCT04341766,loc_1
NCT04492514,loc_0
NCT04516564,loc_44
NCT04408183,loc_0
NCT04416347,loc_5
NCT04350086,loc_1
NCT04352959,loc_1
NCT04366323,loc_2
NCT04439045,loc_6
NCT04457609,loc_43
NCT04433949,loc_0
NCT04399980,loc_0
NCT04427878,loc_1
NCT04453501,loc_1
NCT04510662,loc_15
NCT04432779,loc_12
NCT04527471,loc_0
NCT04412278,loc_18
NCT04509713,loc_5
NCT04471649,loc_14
NCT04399889,loc_0
NCT04525417,loc_1
NCT04414657,loc_19
NCT04459689,loc_1
NCT04351191,loc_25
NCT04359329,loc_0
NCT04457570,loc_1
NCT04333914,loc_1
NCT04347694,loc_24
NCT04527211,loc_23
NCT04447144,loc_14
NCT04477473,loc_19
NCT04321265,loc_11
NCT04321265,loc_8
NCT04321265,loc_33
NCT04465513,loc_6
NCT04388709,loc_0
NCT04433039,loc_14
NCT04415879,loc_0
NCT04490850,loc_50
NCT04330300,loc_55
NCT04401085,loc_46
NCT04400929,loc_37
NCT04409847,loc_5
NCT04492371,loc_24
NCT04492371,loc_12
NCT04492371,loc_46
NCT04492371,loc_21
NCT04492371,loc_3
NCT04492371,loc_13
NCT04492371,loc_5
NCT04371354,loc_2
NCT04446338,loc_8
NCT04361591,loc_2
NCT04365153,loc_0
NCT04358406,loc_2
NCT04331574,loc_3
NCT04473547,loc_14
NCT04327206,loc_9
NCT04327206,loc_13
NCT04327206,loc_2
NCT04377490,loc_1
NCT04347382,loc_25
NCT04389294,loc_0
NCT04424992,loc_3
NCT04368351,loc_3
NCT04345406,loc_14
NCT04374422,loc_18
NCT04460664,loc_0
NCT04443712,loc_14
NCT04413864,loc_1
NCT04346342,loc_13
NCT04468412,loc_13
NCT04445623,loc_3
NCT04401540,loc_18
NCT04409899,loc_2
NCT04326790,loc_21
NCT04506632,loc_5
NCT04382040,loc_28
NCT04491240,loc_7
NCT04397380,loc_5
NCT04339712,loc_21
NCT04381286,loc_1
NCT04375176,loc_3
NCT04444609,loc_5
NCT04351503,loc_19
NCT04468646,loc_25
NCT04334512,loc_0
NCT04526769,loc_0
NCT04540484,loc_0
NCT04472052,loc_8
NCT04335552,loc_0
NCT04416334,loc_2
NCT04362995,loc_0
NCT04355702,loc_1
NCT04463849,loc_3
NCT04422691,loc_33
NCT04328961,loc_0
NCT04472585,loc_25
NCT04392973,loc_26
NCT04357782,loc_0
NCT04516850,loc_19
NCT04292964,loc_10
NCT04372199,loc_3
NCT04532372,loc_0
NCT04487769,loc_13
NCT04517695,loc_0
NCT04356495,loc_1
NCT04344249,loc_1
NCT04350450,loc_0
NCT04375670,loc_1
NCT04506528,loc_0
NCT04405999,loc_7
NCT04374071,loc_0
NCT04498442,loc_0
NCT04517396,loc_0
NCT04384406,loc_1
NCT04385160,loc_0
NCT04385160,loc_1
NCT04385160,loc_8
NCT04385160,loc_3
NCT04385160,loc_2
NCT04385160,loc_5
NCT04361123,loc_0
NCT04408339,loc_8
NCT04554251,loc_14
NCT04395807,loc_20
NCT04355624,loc_1
NCT04406493,loc_28
NCT04397900,loc_0
NCT04438993,loc_5
NCT04328012,loc_0
NCT04435587,loc_64
NCT04366791,loc_0
NCT04384042,loc_30
NCT04390165,loc_30
NCT04369066,loc_1
NCT04366986,loc_0
NCT04455958,loc_0
NCT04470427,loc_0
NCT04357366,loc_21
NCT04357366,loc_0
NCT04452682,loc_14
NCT04372680,loc_1
NCT04400799,loc_19
NCT04346420,loc_12
NCT04424017,loc_14
NCT04540419,loc_7
NCT04401410,loc_0
NCT04407286,loc_0
NCT04326075,loc_3
NCT04344561,loc_0
NCT04386395,loc_1
NCT04347226,loc_0
NCT04399681,loc_18
NCT04365517,loc_3
NCT04510012,loc_19
NCT04476589,loc_0
NCT04416100,loc_24
NCT04367207,loc_16
NCT04432922,loc_1
NCT04412057,loc_0
NCT04525404,loc_6
NCT04344184,loc_0
NCT04338698,loc_25
NCT04405544,loc_7
NCT04420247,loc_4
NCT04311697,loc_0
NCT04511780,loc_1
NCT04502667,loc_15
NCT04467931,loc_0
NCT04422873,loc_5
NCT04405076,loc_0
NCT04407143,loc_2
NCT04525716,loc_20
NCT04349982,loc_24
NCT04480398,loc_17
NCT04378829,loc_18
NCT04366063,loc_40
NCT04369599,loc_0
NCT04346667,loc_25
NCT04385901,loc_0
NCT04342806,loc_0
NCT04361253,loc_0
NCT04379492,loc_0
NCT04365764,loc_1
NCT04367545,loc_1
NCT04383613,loc_6
NCT04556513,loc_1
NCT04530357,loc_74
NCT04534569,loc_47
NCT04475588,loc_17
NCT04513314,loc_0
NCT04360759,loc_16
NCT04278963,loc_10
NCT04480411,loc_0
NCT04380935,loc_43
NCT04351854,loc_8
NCT04356482,loc_15
NCT04389450,loc_0
NCT04303507,loc_64
NCT04303507,loc_5
NCT04345419,loc_14
NCT04407468,loc_15
NCT04399603,loc_5
NCT04347941,loc_55
NCT04381338,loc_3
NCT04496128,loc_0
NCT04365595,loc_19
NCT04453982,loc_6
NCT04453969,loc_6
NCT04407390,loc_11
NCT04466098,loc_0
NCT04496245,loc_9
NCT04411602,loc_0
NCT04392388,loc_1
NCT04435522,loc_0
NCT04373109,loc_19
NCT04398147,loc_6
NCT04340479,loc_0
NCT04537663,loc_13
NCT04463823,loc_33
NCT04414267,loc_21
NCT04360733,loc_8
NCT04391179,loc_0
NCT04320472,loc_0
NCT04320472,loc_14
NCT04320472,loc_1
NCT04320472,loc_2
NCT04535128,loc_0
NCT04434261,loc_4
NCT04430322,loc_1
NCT04365985,loc_0
NCT04393974,loc_5
NCT04420637,loc_24
NCT04437940,loc_18
NCT04369469,loc_0
NCT04369469,loc_2
NCT04369469,loc_5
NCT04272710,loc_10
NCT04339998,loc_0
NCT04449094,loc_1
NCT04396197,loc_5
NCT04357418,loc_1
NCT04401163,loc_11
NCT04357028,loc_14
NCT04388618,loc_26
NCT04395833,loc_1
NCT04435080,loc_18
NCT04466839,loc_1
NCT04542941,loc_88
NCT04346329,loc_23
NCT04460443,loc_14
NCT04393402,loc_1
NCT04445402,loc_0
NCT04273763,loc_10
NCT04456075,loc_8
NCT04395755,loc_3
NCT04371107,loc_1
NCT04379089,loc_0
NCT04447235,loc_4
NCT04352946,loc_0
NCT04384926,loc_2
NCT04394026,loc_3
NCT04376905,loc_1
NCT04397172,loc_19
NCT04394078,loc_18
NCT04397835,loc_1
NCT04384445,loc_0
NCT04497441,loc_26
NCT04408235,loc_3
NCT04401449,loc_0
NCT04335786,loc_13
NCT04402918,loc_1
NCT04351399,loc_1
NCT04331613,loc_10
NCT04420676,loc_24
NCT04479163,loc_22
NCT04462367,loc_4
NCT04453566,loc_18
NCT04477902,loc_0
NCT04456010,loc_1
NCT04310865,loc_10
NCT04359862,loc_2
NCT04536350,loc_19
NCT04351789,loc_11
NCT04476667,loc_6
NCT04392232,loc_0
NCT04451577,loc_3
NCT04487171,loc_1
NCT04362150,loc_0
NCT04474236,loc_1
NCT04319445,loc_0
NCT04361448,loc_12
NCT04511429,loc_4
NCT04459351,loc_5
NCT04374656,loc_0
NCT04508959,loc_6
NCT04324021,loc_0
NCT04324021,loc_3
NCT04365530,loc_1
NCT04343261,loc_0
NCT04382469,loc_14
NCT04371393,loc_0
NCT04508439,loc_15
NCT04492501,loc_25
NCT04527614,loc_12
NCT04323761,loc_0
NCT04323761,loc_9
NCT04323761,loc_24
NCT04323761,loc_12
NCT04323761,loc_6
NCT04323761,loc_82
NCT04323761,loc_46
NCT04323761,loc_11
NCT04323761,loc_83
NCT04323761,loc_1
NCT04323761,loc_8
NCT04323761,loc_21
NCT04323761,loc_55
NCT04323761,loc_28
NCT04323761,loc_3
NCT04323761,loc_13
NCT04323761,loc_29
NCT04323761,loc_38
NCT04323761,loc_41
NCT04323761,loc_62
NCT04323761,loc_2
NCT04323761,loc_19
NCT04323761,loc_5
NCT04363268,loc_0
NCT04524156,loc_12
NCT04373824,loc_17
NCT04558476,loc_12
NCT04549636,loc_6
NCT04355442,loc_1
NCT04520880,loc_26
NCT04441372,loc_45
NCT04472793,loc_0
NCT04319731,loc_0
NCT04338009,loc_0
NCT04334265,loc_10
NCT04334148,loc_0
NCT04333589,loc_10
NCT04334967,loc_0
NCT04311398,loc_10
NCT04310228,loc_10
NCT04471519,loc_17
NCT04537130,loc_2
NCT04355429,loc_1
NCT04385147,loc_0
NCT04385147,loc_14
NCT04385147,loc_8
NCT04385147,loc_27
NCT04385147,loc_37
NCT04403685,loc_4
NCT04363450,loc_0
NCT04432948,loc_21
NCT04357769,loc_3
NCT04542512,loc_1
NCT04366167,loc_5
NCT04452565,loc_0
NCT04414241,loc_27
NCT04386512,loc_1
NCT04368143,loc_12
NCT04401033,loc_2
NCT04463758,loc_1
NCT04530604,loc_0
NCT04346160,loc_3
NCT04397848,loc_6
NCT04327505,loc_8
NCT04327505,loc_20
NCT04397497,loc_3
NCT04360538,loc_0
NCT04515199,loc_14
NCT04448418,loc_3
NCT04340921,loc_5
NCT04386551,loc_1
NCT04401111,loc_1
NCT04376476,loc_1
NCT04378452,loc_2
NCT04270383,loc_10
NCT04411459,loc_3
NCT04402229,loc_1
NCT04336215,loc_0
NCT04425382,loc_75
NCT04434144,loc_45
NCT04445259,loc_5
NCT04382534,loc_10
NCT04390516,loc_0
NCT04402879,loc_6
NCT04378881,loc_0
NCT04393727,loc_3
NCT04346277,loc_3
NCT04446429,loc_4
NCT04539834,loc_14
NCT04359836,loc_0
NCT04344327,loc_1
NCT04320511,loc_0
NCT04459364,loc_20
NCT04425317,loc_12
NCT04460469,loc_14
NCT04359290,loc_8
NCT04332991,loc_0
NCT04334954,loc_0
NCT04433364,loc_20
NCT04374110,loc_29
NCT04381923,loc_0
NCT04466306,loc_0
NCT04466306,loc_6
NCT04466306,loc_28
NCT04466306,loc_32
NCT04466306,loc_84
NCT04466306,loc_2
NCT04466306,loc_5
NCT04488510,loc_1
NCT04395911,loc_0
NCT04345289,loc_11
NCT04366089,loc_3
NCT04298060,loc_10
NCT04348864,loc_0
NCT04546737,loc_1
NCT04412395,loc_14
NCT04340050,loc_0
NCT04452695,loc_0
NCT04367857,loc_0
NCT04442087,loc_1
NCT04507230,loc_14
NCT04357275,loc_19
NCT04352699,loc_1
NCT04430049,loc_1
NCT04359914,loc_8
NCT04350281,loc_35
NCT04363827,loc_3
NCT04374370,loc_0
NCT04343651,loc_0
NCT04398277,loc_0
NCT04443673,loc_15
NCT04453852,loc_9
NCT04324528,loc_8
NCT04384380,loc_48
NCT04324606,loc_5
NCT04371601,loc_10
NCT04498065,loc_1
NCT04397692,loc_0
NCT04412460,loc_8
NCT04344379,loc_1
NCT04378686,loc_12
NCT04347239,loc_0
NCT04381377,loc_7
NCT04522128,loc_5
NCT04368897,loc_2
NCT04362956,loc_22
NCT04426305,loc_12
NCT04443257,loc_1
NCT04409873,loc_0
NCT04384029,loc_19
NCT04355962,loc_19
NCT04558125,loc_0
NCT04339634,loc_0
NCT04356950,loc_1
NCT04455451,loc_8
NCT04356443,loc_0
NCT04446169,loc_3
NCT04385771,loc_8
NCT04508075,loc_43
NCT04403100,loc_4
NCT04321096,loc_11
NCT04363463,loc_1
NCT04468802,loc_18
NCT04354818,loc_9
NCT04376814,loc_40
NCT04382495,loc_14
NCT04392401,loc_1
NCT04407156,loc_5
NCT04523571,loc_10
NCT04346602,loc_10
NCT04486729,loc_22
NCT04369989,loc_0
NCT04385251,loc_0
NCT04385251,loc_22
NCT04385251,loc_11
NCT04385251,loc_5
NCT04491227,loc_0
NCT04491227,loc_85
NCT04491227,loc_6
NCT04491227,loc_34
NCT04491227,loc_17
NCT04491227,loc_5
NCT04434417,loc_3
NCT04431856,loc_0
NCT04395794,loc_7
NCT04332380,loc_23
NCT04449978,loc_6
NCT04358380,loc_22
NCT04375774,loc_12
NCT04380961,loc_0
NCT04380961,loc_22
NCT04380961,loc_7
NCT04380961,loc_16
NCT04380961,loc_2
NCT04448756,loc_0
NCT04448756,loc_4
NCT04503525,loc_1
NCT04349098,loc_0
NCT04349098,loc_24
NCT04349098,loc_1
NCT04349098,loc_28
NCT04349098,loc_2
NCT04349098,loc_5
NCT04492410,loc_1
NCT04407182,loc_51
NCT04393233,loc_1
NCT04407923,loc_1
NCT04408326,loc_5
NCT04410718,loc_11
NCT04355052,loc_28
NCT04407221,loc_20
NCT04373005,loc_6
NCT04373733,loc_5
NCT04431869,loc_0
NCT04334928,loc_2
NCT04402853,loc_3
NCT04437823,loc_25
NCT04517630,loc_15
NCT04363333,loc_18
NCT04447781,loc_31
NCT04388514,loc_3
NCT04407260,loc_0
NCT04357639,loc_1
NCT04399252,loc_0
NCT04365881,loc_33
NCT04353128,loc_2
NCT04459702,loc_0
NCT04525820,loc_19
NCT04329533,loc_0
NCT04323787,loc_0
NCT04374786,loc_0
NCT04494386,loc_0
NCT04473183,loc_0
NCT04397588,loc_1
NCT04511962,loc_5
NCT04389996,loc_11
NCT04332835,loc_23
NCT04419623,loc_0
NCT04396210,loc_12
NCT04413968,loc_1
NCT04352556,loc_3
NCT04352556,loc_0
NCT04532411,loc_0
NCT04506515,loc_2
NCT04367363,loc_37
NCT04441814,loc_3
NCT04376840,loc_1
NCT04414319,loc_1
NCT04414319,loc_101
NCT04414319,loc_65
NCT04374565,loc_0
NCT04433546,loc_0
NCT04354779,loc_24
NCT04374617,loc_2
NCT04306705,loc_10
NCT04372056,loc_33
NCT04416399,loc_5
NCT04312100,loc_10
NCT04478071,loc_0
NCT04408222,loc_0
NCT04337424,loc_1
NCT04491201,loc_10
NCT04395716,loc_0
NCT04542083,loc_1
NCT04312009,loc_0
NCT04368793,loc_10
NCT04370119,loc_8
NCT04381936,loc_5
NCT04335084,loc_0
NCT04411511,loc_13
NCT04442152,loc_102
NCT04315948,loc_1
NCT04315948,loc_65
NCT04315948,loc_66
NCT04311177,loc_0
NCT04405739,loc_0
NCT04459403,loc_14
NCT04313946,loc_5
NCT04356833,loc_5
NCT03944447,loc_0
NCT04447404,loc_0
NCT04377581,loc_0
NCT04411784,loc_5
NCT04474249,loc_20
NCT04496076,loc_0
NCT04482686,loc_0
NCT04323839,loc_0
NCT04546776,loc_5
NCT04255017,loc_10
NCT04547114,loc_8
NCT04367870,loc_1
NCT04322565,loc_3
NCT04254874,loc_10
NCT04332016,loc_1
NCT04519398,loc_41
NCT04402060,loc_0
NCT04407598,loc_5
NCT04540185,loc_0
NCT04540185,loc_44
NCT04386083,loc_53
NCT04388657,loc_1
NCT04548531,loc_0
NCT04409535,loc_0
NCT04445428,loc_77
NCT04325412,loc_13
NCT04371978,loc_28
NCT04422587,loc_1
NCT04357340,loc_40
NCT04410471,loc_2
NCT04316949,loc_3
NCT04371328,loc_1
NCT04449783,loc_5
NCT04385238,loc_0
NCT04426266,loc_36
NCT04363632,loc_1
NCT04413058,loc_18
NCT04370834,loc_0
NCT04465552,loc_0
NCT04378595,loc_0
NCT04341935,loc_0
NCT04492384,loc_7
NCT04399967,loc_35
NCT04414371,loc_0
NCT04343053,loc_3
NCT04391140,loc_2
NCT04353401,loc_0
NCT04522986,loc_32
NCT04385576,loc_30
NCT04438967,loc_0
NCT04261270,loc_10
NCT04379063,loc_6
NCT04357938,loc_8
NCT04421664,loc_0
NCT04421664,loc_6
NCT04547218,loc_30
NCT04466982,loc_5
NCT04558450,loc_1
NCT04360863,loc_35
NCT04332042,loc_3
NCT04368637,loc_49
NCT04342169,loc_0
NCT04454606,loc_64
NCT04337190,loc_1
NCT04427280,loc_5
NCT04359810,loc_0
NCT04382196,loc_12
NCT04321616,loc_33
NCT04438629,loc_3
NCT04392778,loc_18
NCT04410432,loc_1
NCT04382547,loc_103
NCT04327349,loc_40
NCT04373135,loc_0
NCT04339387,loc_0
NCT04357730,loc_0
NCT04473898,loc_18
NCT04365101,loc_0
NCT04328129,loc_50
NCT04263402,loc_10
NCT04407208,loc_43
NCT04468958,loc_0
NCT04366752,loc_1
NCT04382131,loc_5
NCT04437901,loc_12
NCT04437901,loc_3
NCT04437901,loc_13
NCT04437901,loc_2
NCT04437901,loc_5
NCT04468217,loc_34
NCT04511923,loc_55
NCT04400838,loc_5
NCT04367077,loc_0
NCT04394377,loc_4
NCT04415073,loc_0
NCT04439006,loc_0
NCT04341480,loc_10
NCT03042143,loc_5
NCT04487977,loc_2
NCT04380818,loc_2
NCT04327570,loc_12
NCT04256395,loc_10
NCT04390269,loc_14
NCT04340349,loc_15
NCT04424134,loc_7
NCT04252274,loc_10
NCT04401436,loc_0
NCT04376775,loc_1
NCT04325919,loc_35
NCT04433078,loc_0
NCT04453839,loc_0
NCT04397705,loc_5
NCT04476992,loc_7
NCT04456556,loc_14
NCT04432051,loc_18
NCT04345159,loc_1
NCT04336761,loc_1
NCT04350710,loc_1
NCT04367129,loc_3
NCT04305457,loc_0
NCT04422470,loc_7
NCT04344119,loc_1
NCT04408248,loc_5
NCT04335162,loc_1
NCT04452708,loc_35
NCT04401046,loc_1
NCT04555122,loc_0
NCT04371835,loc_42
NCT04395859,loc_1
NCT04520620,loc_1
NCT04348695,loc_2
NCT04352634,loc_0
NCT04352634,loc_22
NCT04352634,loc_104
NCT04352634,loc_9
NCT04352634,loc_85
NCT04352634,loc_34
NCT04352634,loc_86
NCT04352634,loc_46
NCT04352634,loc_8
NCT04352634,loc_3
NCT04352634,loc_61
NCT04352634,loc_15
NCT04352634,loc_13
NCT04352634,loc_42
NCT04352634,loc_59
NCT04352634,loc_26
NCT04352634,loc_2
NCT04352634,loc_52
NCT04352634,loc_18
NCT04352634,loc_106
NCT04320277,loc_3
NCT04491071,loc_5
NCT04409743,loc_0
NCT04485351,loc_1
NCT04394104,loc_0
NCT04432870,loc_0
NCT04342728,loc_0
NCT04510441,loc_5
NCT04406181,loc_12
NCT04413071,loc_2
NCT04398264,loc_0
NCT04449081,loc_30
NCT04367883,loc_2
NCT04389463,loc_1
NCT04377425,loc_11
NCT04391816,loc_0
NCT04501991,loc_3
NCT04412356,loc_20
NCT04536441,loc_30
NCT04342650,loc_4
NCT04325867,loc_41
NCT04367740,loc_0
NCT04361877,loc_8
NCT04516824,loc_25
NCT02735707,loc_0
NCT02735707,loc_9
NCT02735707,loc_12
NCT02735707,loc_6
NCT02735707,loc_63
NCT02735707,loc_8
NCT02735707,loc_55
NCT02735707,loc_13
NCT02735707,loc_44
NCT02735707,loc_38
NCT02735707,loc_41
NCT02735707,loc_5
NCT04356378,loc_1
NCT04412330,loc_0
NCT04413747,loc_3
NCT04284046,loc_10
NCT04358003,loc_0
NCT04366297,loc_29
NCT04339790,loc_0
NCT04344197,loc_3
NCT04362319,loc_30
NCT04416373,loc_38
NCT04389385,loc_18
NCT04476914,loc_0
NCT04394182,loc_2
NCT04497636,loc_34
NCT04403243,loc_7
NCT04422613,loc_1
NCT04367337,loc_9
NCT04367337,loc_6
NCT04367337,loc_10
NCT04367337,loc_1
NCT04367337,loc_5
NCT04367337,loc_28
NCT04367337,loc_3
NCT04367337,loc_30
NCT04367337,loc_29
NCT04367337,loc_38
NCT04367337,loc_41
NCT04367337,loc_37
NCT04373382,loc_6
NCT04327401,loc_4
NCT04361396,loc_1
NCT04375501,loc_5
NCT04345861,loc_1
NCT04510493,loc_19
NCT04453384,loc_1
NCT04347408,loc_5
NCT04491318,loc_2
NCT04360811,loc_1
NCT04275414,loc_10
NCT04275414,loc_3
NCT04448054,loc_1
NCT04376684,loc_0
NCT04376684,loc_22
NCT04376684,loc_12
NCT04376684,loc_4
NCT04376684,loc_6
NCT04376684,loc_1
NCT04376684,loc_17
NCT04376684,loc_32
NCT04376684,loc_15
NCT04376684,loc_13
NCT04376684,loc_29
NCT04376684,loc_16
NCT04376684,loc_2
NCT04376684,loc_5
NCT04453579,loc_3
NCT04540029,loc_3
NCT04359875,loc_1
NCT04489628,loc_0
NCT04371419,loc_0
NCT04487197,loc_3
NCT04445961,loc_7
NCT04323592,loc_3
NCT04355234,loc_1
NCT04335630,loc_0
NCT04445506,loc_0
NCT04390555,loc_19
NCT04377776,loc_3
NCT04393792,loc_5
NCT04322487,loc_3
NCT04426318,loc_0
NCT04460027,loc_0
NCT04345614,loc_0
NCT04500366,loc_6
NCT04390126,loc_1
NCT04402970,loc_0
NCT04500652,loc_18
NCT04354558,loc_1
NCT04339686,loc_1
NCT04501432,loc_24
NCT04379544,loc_0
NCT04365608,loc_29
NCT04321174,loc_6
NCT04318314,loc_5
NCT04471701,loc_3
NCT04529421,loc_33
NCT04363593,loc_1
NCT04385797,loc_2
NCT04373707,loc_1
NCT04433286,loc_14
NCT04370938,loc_0
NCT04351568,loc_14
NCT04368975,loc_2
NCT04324463,loc_4
NCT04324463,loc_6
NCT04324463,loc_34
NCT04324463,loc_23
NCT04324463,loc_51
NCT04324463,loc_14
NCT04324463,loc_25
NCT04324463,loc_53
NCT04324463,loc_7
NCT04324463,loc_26
NCT04324463,loc_47
NCT04264858,loc_10
NCT04486404,loc_23
NCT04544072,loc_12
NCT04377074,loc_33
NCT04374097,loc_33
NCT04406571,loc_1
NCT04416919,loc_0
NCT04497415,loc_0
NCT04484207,loc_0
NCT04369690,loc_6
NCT04335747,loc_11
NCT04361019,loc_2
NCT04321811,loc_0
NCT04387799,loc_3
NCT04498286,loc_13
NCT04381000,loc_21
NCT04474080,loc_6
NCT04340219,loc_12
NCT04430374,loc_75
NCT04377412,loc_0
NCT04377412,loc_107
NCT04377412,loc_9
NCT04377412,loc_46
NCT04377412,loc_35
NCT04377412,loc_28
NCT04377412,loc_3
NCT04377412,loc_61
NCT04377412,loc_29
NCT04377412,loc_20
NCT04377412,loc_48
NCT04511949,loc_1
NCT04376515,loc_0
NCT04408027,loc_6
NCT04334629,loc_5
NCT04527432,loc_5
NCT04356885,loc_1
NCT04405232,loc_5
NCT04383730,loc_1
NCT04383730,loc_8
NCT04447638,loc_18
NCT04444323,loc_5
NCT04380870,loc_0
NCT04424836,loc_18
NCT04387409,loc_8
NCT04414631,loc_19
NCT04464486,loc_0
NCT04356365,loc_33
NCT04546581,loc_0
NCT04546581,loc_22
NCT04546581,loc_11
NCT04546581,loc_5
NCT04348227,loc_52
NCT04417374,loc_1
NCT04353583,loc_8
NCT04365309,loc_10
NCT04379531,loc_7
NCT04444297,loc_5
NCT04335279,loc_6
NCT04469660,loc_17
NCT04341012,loc_0
NCT04422522,loc_14
NCT04320238,loc_10
NCT04337502,loc_10
NCT04337047,loc_1
NCT04514016,loc_0
NCT04326452,loc_0
NCT04347798,loc_6
NCT04312243,loc_0
NCT04359849,loc_5
NCT04406064,loc_0
NCT04425616,loc_5
NCT04368377,loc_3
NCT04510025,loc_5
NCT04324684,loc_3
NCT04410692,loc_37
NCT04357041,loc_0
NCT04316884,loc_20
NCT04481529,loc_1
NCT04379245,loc_1
NCT04497194,loc_3
NCT04425031,loc_11
NCT04306055,loc_10
NCT04532632,loc_18
NCT04400006,loc_18
NCT04482595,loc_0
NCT04365361,loc_35
NCT04357613,loc_1
NCT03808922,loc_0
NCT03808922,loc_9
NCT03808922,loc_31
NCT03808922,loc_48
NCT04414904,loc_5
NCT04370886,loc_10
NCT04320732,loc_33
NCT04386291,loc_0
NCT04408287,loc_6
NCT04440098,loc_0
NCT04375137,loc_40
NCT04417673,loc_0
NCT04371523,loc_6
NCT04373148,loc_0
NCT04501445,loc_0
NCT04435106,loc_28
NCT04498091,loc_1
NCT04530461,loc_52
NCT04333654,loc_0
NCT04333654,loc_12
NCT04333654,loc_1
NCT04333654,loc_13
NCT04431297,loc_0
NCT04420416,loc_15
NCT04424082,loc_20
NCT04343898,loc_0
NCT04319016,loc_3
NCT04519437,loc_0
NCT04302688,loc_10
NCT04488471,loc_5
NCT04448704,loc_37
NCT04373798,loc_11
NCT04394195,loc_1
NCT04425863,loc_22
NCT04333849,loc_1
NCT04366947,loc_29
NCT04535297,loc_28
NCT04460677,loc_0
NCT04279899,loc_10
NCT04377100,loc_0
NCT04459975,loc_1
NCT04326387,loc_5
NCT04410458,loc_10
NCT04416308,loc_1
NCT04365348,loc_35
NCT04459455,loc_0
NCT04337151,loc_5
NCT04488549,loc_3
NCT04524754,loc_14
NCT04413435,loc_18
NCT04431180,loc_10
NCT04401371,loc_14
NCT04497467,loc_48
NCT04451239,loc_60
NCT04417270,loc_0
NCT04328454,loc_10
NCT04486144,loc_0
NCT04453514,loc_0
NCT04362059,loc_5
NCT04481516,loc_5
NCT04401644,loc_5
NCT04418193,loc_68
NCT04433312,loc_14
NCT04533048,loc_10
NCT04501172,loc_21
NCT04497519,loc_13
NCT04490239,loc_0
NCT04346589,loc_3
NCT04445870,loc_1
NCT04423289,loc_2
NCT04360850,loc_0
NCT04542226,loc_7
NCT04363437,loc_0
NCT04327804,loc_0
NCT04345640,loc_17
NCT04372576,loc_36
NCT04372043,loc_61
NCT04325906,loc_0
NCT04344964,loc_9
NCT04551339,loc_0
NCT04451694,loc_1
NCT04524598,loc_0
NCT04340414,loc_10
NCT04331886,loc_0
NCT04391166,loc_0
NCT04457505,loc_2
NCT04505761,loc_13
NCT04384965,loc_6
NCT04410016,loc_5
NCT04456062,loc_6
NCT04327388,loc_22
NCT04327388,loc_4
NCT04327388,loc_6
NCT04327388,loc_34
NCT04327388,loc_1
NCT04327388,loc_8
NCT04327388,loc_28
NCT04327388,loc_3
NCT04327388,loc_32
NCT04327388,loc_7
NCT04327388,loc_2
NCT04325893,loc_1
NCT04325893,loc_68
NCT04427137,loc_6
NCT04343664,loc_43
NCT04373213,loc_18
NCT04379518,loc_0
NCT04326725,loc_18
NCT04321369,loc_0
NCT04369456,loc_1
NCT04374539,loc_2
NCT04403009,loc_10
NCT04458246,loc_4
NCT04251871,loc_10
NCT04292340,loc_10
NCT04346082,loc_35
NCT04389684,loc_1
NCT04384549,loc_1
NCT04388579,loc_38
NCT04441424,loc_81
NCT04389333,loc_10
NCT04342702,loc_10
NCT04406844,loc_17
NCT04371315,loc_0
NCT04367636,loc_12
NCT04394013,loc_30
NCT04448782,loc_2
NCT04322123,loc_4
NCT04381819,loc_33
NCT04460196,loc_1
NCT04324047,loc_1
NCT04516837,loc_10
NCT04519216,loc_0
NCT04315870,loc_3
NCT04388605,loc_0
NCT04445324,loc_6
NCT04410835,loc_24
NCT04505722,loc_0
NCT04505722,loc_4
NCT04505722,loc_34
NCT04505722,loc_23
NCT04505722,loc_15
NCT04505722,loc_27
NCT04505722,loc_53
NCT04505722,loc_16
NCT04505722,loc_39
NCT04469621,loc_22
NCT04469621,loc_4
NCT04469621,loc_34
NCT04469621,loc_15
NCT04469621,loc_7
NCT04483752,loc_1
NCT04488796,loc_6
NCT04548544,loc_0
NCT04351906,loc_8
NCT04337918,loc_6
NCT04535778,loc_5
NCT04326036,loc_0
NCT04380766,loc_3
NCT04541472,loc_1
NCT04391946,loc_1
NCT04460014,loc_20
NCT04377672,loc_0
NCT04371250,loc_12
NCT04418531,loc_3
NCT04346693,loc_7
NCT04321278,loc_4
NCT04402827,loc_2
NCT04341610,loc_11
NCT04322396,loc_11
NCT04025580,loc_0
NCT04341519,loc_1
NCT04400305,loc_6
NCT04274322,loc_10
NCT04412239,loc_25
NCT04324073,loc_1
NCT04344041,loc_1
NCT04470544,loc_0
NCT04480957,loc_37
NCT04451993,loc_18
NCT04395508,loc_0
NCT04403906,loc_5
NCT04407663,loc_3
NCT04366921,loc_24
NCT04366921,loc_12
NCT04366921,loc_46
NCT04366921,loc_11
NCT04366921,loc_1
NCT04366921,loc_8
NCT04366921,loc_21
NCT04366921,loc_36
NCT04366921,loc_28
NCT04366921,loc_3
NCT04366921,loc_83
NCT04366921,loc_13
NCT04366921,loc_29
NCT04366921,loc_38
NCT04366921,loc_7
NCT04366921,loc_2
NCT04366921,loc_20
NCT04366921,loc_19
NCT04366921,loc_5
NCT04542954,loc_60
NCT04427735,loc_10
NCT04526912,loc_0
NCT04400279,loc_6
NCT04352985,loc_0
NCT04353037,loc_0
NCT04435327,loc_3
NCT04367168,loc_15
NCT04397575,loc_1
NCT04437342,loc_21
NCT04368208,loc_1
NCT04330261,loc_6
NCT04433260,loc_5
NCT04539821,loc_0
NCT04435353,loc_74
NCT04370197,loc_1
NCT04423315,loc_18
NCT04517422,loc_15
NCT04357847,loc_1
NCT04338672,loc_28
NCT04367350,loc_8
NCT04341922,loc_20
NCT04402905,loc_1
NCT04410484,loc_5
NCT04430062,loc_3
NCT04334434,loc_18
NCT04425850,loc_22
NCT04326426,loc_0
NCT04382391,loc_0
NCT04530682,loc_1
NCT04479280,loc_14
NCT04374942,loc_6
NCT04412655,loc_3
NCT04411563,loc_18
NCT04412551,loc_20
NCT04320862,loc_0
NCT04385186,loc_23
NCT04412746,loc_108
NCT04487639,loc_1
NCT04345549,loc_5
NCT04359407,loc_19
NCT04358952,loc_1
NCT04421612,loc_33
NCT04463628,loc_1
NCT04517682,loc_0
NCT04324736,loc_1
NCT04393818,loc_2
NCT04435119,loc_1
NCT04486417,loc_3
NCT04416360,loc_1
NCT04375748,loc_1
NCT04354792,loc_14
NCT04280224,loc_10
NCT04427631,loc_5
NCT04388826,loc_0
NCT04389320,loc_14
NCT04322513,loc_3
NCT04319172,loc_2
NCT04318366,loc_3
NCT04409951,loc_14
NCT04374474,loc_6
NCT04423692,loc_14
NCT04448405,loc_1
NCT04320953,loc_10
NCT04378738,loc_18
NCT04444674,loc_16
NCT04482205,loc_25
NCT04412343,loc_6
NCT04553575,loc_1
NCT04307459,loc_3
NCT04395885,loc_14
NCT04429594,loc_1
NCT04337983,loc_1
NCT04407546,loc_0
NCT04386460,loc_1
NCT04492527,loc_6
NCT04385212,loc_19
NCT04308187,loc_1
NCT04259892,loc_1
NCT04259892,loc_50
NCT04322344,loc_3
NCT04365166,loc_1
NCT04470323,loc_14
NCT04323800,loc_0
NCT04306393,loc_0
NCT04522089,loc_48
NCT04476745,loc_49
NCT04449276,loc_12
NCT04449276,loc_8
NCT04361552,loc_0
NCT04453774,loc_6
NCT04322773,loc_11
NCT04359225,loc_5
NCT04444557,loc_18
NCT04336410,loc_0
NCT04498546,loc_18
NCT04355637,loc_2
NCT04433754,loc_18
NCT04351542,loc_5
NCT04447209,loc_30
NCT04397666,loc_1
NCT04508920,loc_15
NCT04425005,loc_4
NCT04344106,loc_1
NCT04490473,loc_18
NCT04363606,loc_1
NCT04435379,loc_8
NCT04461353,loc_0
NCT04379232,loc_1
NCT04466605,loc_17
NCT04453475,loc_8
NCT04436276,loc_0
NCT04436276,loc_12
NCT04327479,loc_8
NCT04410536,loc_3
NCT04537962,loc_4
NCT04422353,loc_4
NCT04305574,loc_37
NCT04419870,loc_0
NCT04384419,loc_1
NCT04397471,loc_5
NCT04422418,loc_47
NCT04409197,loc_1
NCT04347031,loc_7
NCT04348370,loc_0
NCT04279795,loc_10
NCT04390152,loc_23
NCT04441476,loc_1
NCT04387253,loc_1
NCT04363528,loc_1
NCT04279782,loc_10
NCT04528329,loc_14
NCT04473599,loc_0
NCT04343729,loc_4
NCT04524962,loc_0
NCT04492189,loc_1
NCT04374643,loc_1
NCT04377607,loc_18
NCT04460599,loc_1
NCT04292327,loc_10
NCT04340557,loc_0
NCT04269525,loc_10
NCT04376034,loc_0
NCT04462848,loc_0
NCT04467112,loc_5
NCT04536051,loc_4
NCT01306084,loc_0
NCT04322279,loc_1
NCT04322279,loc_50
NCT04474444,loc_5
NCT04393415,loc_14
NCT04403061,loc_2
NCT04264533,loc_10
NCT04473300,loc_32
NCT04452318,loc_0
NCT04061382,loc_5
NCT04338841,loc_12
NCT04338841,loc_1
NCT04338841,loc_68
NCT04323527,loc_4
NCT02765191,loc_20
NCT04525079,loc_31
NCT04349163,loc_1
NCT04452487,loc_1
NCT04380701,loc_8
NCT04374058,loc_22
NCT04245631,loc_10
NCT04385004,loc_1
NCT00571389,loc_0
NCT04442789,loc_8
NCT03331445,loc_6
NCT04361838,loc_0
NCT04322682,loc_0
NCT04322682,loc_6
NCT04322682,loc_2
NCT04255940,loc_10
NCT04282135,loc_8
NCT04427813,loc_14
NCT04409275,loc_2
NCT04281693,loc_10
NCT04363788,loc_29
NCT04502108,loc_19
NCT04388631,loc_10
NCT04486521,loc_26
NCT04540939,loc_0
NCT04385836,loc_26
NCT04275245,loc_10
NCT04509947,loc_32
NCT04392219,loc_5
NCT04426071,loc_6
NCT04394403,loc_28
NCT04363047,loc_5
NCT04441632,loc_0
NCT04341727,loc_0
NCT04445441,loc_87
NCT04406545,loc_4
NCT04382560,loc_3
NCT04408196,loc_3
NCT04420273,loc_0
NCT04388644,loc_48
NCT04495543,loc_6
NCT04357886,loc_18
NCT04396600,loc_0
NCT04368676,loc_6
NCT04394039,loc_37
NCT04480034,loc_3
NCT04447833,loc_20
NCT04357977,loc_0
NCT03648372,loc_0
NCT04233268,loc_5
NCT04378803,loc_0
NCT04549350,loc_14
NCT04422769,loc_0
NCT04518514,loc_8
NCT04335851,loc_18
NCT04399005,loc_10
NCT04383899,loc_1
NCT04550312,loc_10
NCT04409496,loc_35
NCT04368299,loc_35
NCT04468386,loc_0
NCT04545242,loc_2
NCT04476680,loc_5
NCT04262921,loc_1
NCT04262921,loc_109
NCT04328467,loc_0
NCT04319211,loc_18
NCT04418947,loc_0
NCT03226886,loc_5
NCT04413006,loc_6
NCT04404192,loc_0
NCT04372693,loc_14
NCT04331808,loc_1
NCT04414618,loc_0
NCT04468789,loc_16
NCT04435028,loc_14
NCT04148430,loc_0
NCT04475185,loc_1
NCT04353141,loc_12
NCT04353141,loc_3
NCT04353141,loc_5
NCT04443179,loc_5
NCT04424355,loc_7
NCT04280913,loc_10
NCT04406558,loc_1
NCT04480112,loc_0
NCT04453527,loc_5
NCT04475913,loc_14
NCT04457388,loc_5
NCT04344665,loc_6
NCT04393636,loc_13
NCT04505098,loc_0
NCT04389372,loc_3
NCT04482387,loc_5
NCT04428099,loc_2
NCT04456933,loc_2
NCT04470869,loc_1
NCT04434014,loc_14
NCT04550351,loc_10
NCT04530448,loc_0
NCT03852537,loc_0
NCT04473274,loc_0
NCT04393077,loc_18
NCT04443075,loc_10
NCT04356144,loc_24
NCT04333875,loc_19
NCT04276688,loc_35
NCT04439825,loc_0
NCT04497922,loc_0
NCT04363177,loc_10
NCT04363177,loc_35
NCT03680274,loc_6
NCT04480333,loc_0
NCT04326309,loc_0
NCT04441047,loc_0
NCT04468581,loc_37
NCT04379986,loc_19
NCT04382508,loc_5
NCT04278404,loc_0
NCT04278404,loc_6
NCT04308668,loc_0
NCT04308668,loc_6
NCT04348552,loc_1
NCT04346121,loc_1
NCT04422275,loc_0
NCT04351880,loc_0
NCT04329897,loc_0
NCT04414826,loc_0
NCT04444986,loc_18
NCT04363775,loc_29
NCT03452774,loc_0
NCT04406194,loc_18
NCT04400682,loc_18
NCT04502368,loc_12
NCT04339842,loc_82
NCT04476719,loc_18
NCT04407000,loc_18
NCT04417153,loc_37
NCT04386876,loc_18
NCT04276987,loc_10
NCT03474965,loc_0
NCT03474965,loc_12
NCT03474965,loc_4
NCT03474965,loc_6
NCT03474965,loc_23
NCT03474965,loc_1
NCT03474965,loc_8
NCT03474965,loc_17
NCT03474965,loc_3
NCT03474965,loc_61
NCT03474965,loc_113
NCT03474965,loc_2
NCT03474965,loc_19
NCT03474965,loc_18
NCT03474965,loc_5
