covidtrialID,measurementOMOPID
NCT04458948,37111521
NCT04425031,37398643
NCT04418193,40483539
NCT04418193,4480642
NCT04418193,4213477
NCT04447469,37311061
NCT04447469,35804805
NCT04447469,4216826
NCT04447469,4048496
NCT04447469,19025274
NCT04351581,4323433
NCT04351581,4480642
NCT04351581,4336683
NCT04351581,4152194
NCT04351581,415479
NCT04351581,4048496
NCT04359667,4041531
NCT04359667,4094657
NCT04359667,4189605
NCT04359667,4148615
NCT04359667,4267147
NCT04359667,409491
NCT04359667,42739976
NCT04438863,413384
NCT04386044,703429
NCT04408196,4169175
NCT04397796,4098135
NCT04397796,438878
NCT04397796,4041162
NCT04363749,45771331
NCT04363749,4227955
NCT04470609,4245997
NCT04470609,403485
NCT04470609,4078242
NCT04470609,528323
NCT04470609,4216067
NCT04470609,409491
NCT04470609,37399126
NCT04386083,4132152
NCT04420260,45771331
NCT04386070,37311061
NCT04386070,4094448
NCT04435587,4313591
NCT04435587,4310328
NCT04435587,4245997
NCT04435587,4254663
NCT04391920,4267147
NCT04391920,4245997
NCT04340466,37311061
NCT04327505,409491
NCT04429555,434557
NCT04360551,4152194
NCT04360551,400823
NCT04360551,44789315
NCT04359849,37311061
NCT04470258,4296538
NCT04470258,4126465
NCT04470258,4010052
NCT04355754,117516
NCT04355754,4353936
NCT04355754,1904618
NCT04355754,4329601
NCT04420806,4195803
NCT04420806,40757668
NCT04395391,41982009
NCT04395391,40218805
NCT04354584,4250616
NCT04466241,4310328
NCT04466241,37111521
NCT04466241,4336683
NCT04466241,3198682
NCT04466241,45890528
NCT04466241,4294804
NCT04445194,4181663
NCT04445194,403485
NCT04445194,4251143
NCT04445194,35936749
NCT04445194,528323
NCT04445194,4216067
NCT04445194,4078242
NCT04427137,4157256
NCT04427137,4157256
NCT04427137,4353953
NCT04391166,4288368
NCT04335279,37311061
NCT04456361,4078242
NCT04397666,4233883
NCT04392219,37393855
NCT04392219,40487382
NCT04392219,45889912
NCT04392219,4039428
NCT04392219,3198682
NCT04392219,42109
NCT04392219,4078242
NCT04392219,4216826
NCT04392219,4239408
NCT04392219,4048496
NCT04392219,4088512
NCT04392219,4064624
NCT04357366,4055285
NCT04432961,4064728
NCT04365959,35621756
NCT04410549,4213477
NCT04463602,37392316
NCT04463602,4336683
NCT04463602,4008859
NCT04445506,2212761
NCT04374695,4313591
NCT04337359,4013964
NCT04337359,372052
NCT04336787,42528957
NCT04274322,45876498
NCT04274322,43012761
NCT04469114,46271813
NCT04469114,45889912
NCT04469114,40487382
NCT04469114,4148615
NCT04469114,43012761
NCT04447144,416755
NCT04447144,45771331
NCT04447144,40762508
NCT04447144,4239408
NCT04447144,4313591
NCT04447144,4097616
NCT04447144,4132152
NCT04452435,528323
NCT04452435,4216067
NCT04452435,4078242
NCT04452435,409491
NCT04452435,4012972
NCT04452435,42539534
NCT04435015,4213477
NCT04335747,4078242
NCT04355884,4108582
NCT04417673,4256491
NCT04324047,4131379
NCT04453371,4213477
NCT04401540,4120014
NCT04373005,4308014
NCT04358588,44782659
NCT04358588,4072522
NCT04358588,409491
NCT04358588,4108582
NCT04463264,409491
NCT04457726,3050013
NCT04445246,409491
NCT04445246,21498408
NCT04472728,4336683
NCT04472728,4098135
NCT04426006,35936749
NCT04422353,4046932
NCT04462757,8637
NCT04366206,4148981
NCT04459286,4041531
NCT04459286,4094657
NCT04459286,4189605
NCT04459286,2212296
NCT04459286,45766326
NCT04401150,4165535
NCT04346277,4323433
NCT04346277,46271813
NCT04346277,4081164
NCT04422613,4135664
NCT04391686,37111521
NCT04431414,4120014
NCT04445961,4310328
NCT04445961,4096101
NCT04472611,4213477
NCT04472611,4267147
NCT04346420,4096101
NCT04379453,4267147
NCT04379453,4013733
NCT04379453,4306239
NCT04332913,4211515
NCT04332913,4094657
NCT04332913,414638
NCT04332913,4189605
NCT04332913,433852
NCT04332913,3630868
NCT04332913,4267147
NCT04332913,4223299
NCT04327804,45882671
NCT04412369,4336683
NCT04461379,4064473
NCT04461379,37392448
NCT04461379,3003037
NCT04461379,434557
NCT04472793,913915
NCT04447235,21601823
NCT04447235,4326744
NCT04456595,4041161
NCT04456595,4057304
NCT04456595,45771331
NCT04344925,4296538
NCT04335630,40218805
NCT04353596,319835
NCT04353596,4108582
NCT04406688,4336683
NCT04433078,40479411
NCT04433078,4135393
NCT04442048,4078242
NCT04418375,45889912
NCT04468256,4152194
NCT04468256,415479
NCT04410107,4096101
NCT04410107,4353936
NCT04445389,4041161
NCT04424836,4099592
NCT04341480,4239666
NCT04385251,40218805
NCT04445220,4267147
NCT04367740,4245997
NCT04366921,4189605
NCT04366921,414638
NCT04366921,45890528
NCT04366921,2212296
NCT04366921,45766326
NCT04366921,37016292
NCT04366921,4262845
NCT04447131,4267147
NCT04447131,4151358
NCT04444674,4245997
NCT04444674,426033
NCT04405492,4210123
NCT04456088,409491
NCT04456088,4108582
NCT04456088,4204561
NCT04456088,4245997
NCT04456088,45889912
NCT04456088,4039428
NCT04412746,4480912
NCT04401436,45889912
NCT04439006,4078242
NCT04360278,4152994
NCT04360278,757679
NCT04360278,4156221
NCT04341207,2212296
NCT04341207,4055286
NCT04341207,4041161
NCT04445623,46271813
NCT04423991,37311061
NCT04452474,4148615
NCT04452474,4298431
NCT04452474,4267147
NCT04452474,4094657
NCT04452474,4189605
NCT04452474,2212296
NCT04452474,4150345
NCT04452474,43012761
NCT04452474,4138597
NCT04290871,409491
NCT04355793,414638
NCT04355793,4267147
NCT04466670,4099154
NCT04466670,4230543
NCT04466670,35805046
NCT04466670,4039428
NCT04459676,4211515
NCT04459676,414638
NCT04459676,4189605
NCT04459676,4230543
NCT04435028,4098135
NCT04452812,409491
NCT04448119,4055286
NCT04445233,757681
NCT04465513,4152194
NCT04465513,4213477
NCT04465513,3014315
NCT04426318,42869721
NCT04460105,45889912
NCT04460105,4198678
NCT04460105,4039428
NCT04460105,4041531
NCT04460105,4094657
NCT04460105,4189605
NCT04460105,42109
NCT04460105,4230543
NCT04460105,45890528
NCT04404192,4092239
NCT04404192,44069
NCT04404192,1002134
NCT04404192,4041878
NCT04404192,706284
NCT04404192,45876059
NCT04404192,37203926
NCT04453488,4250175
NCT04453488,35936749
NCT04453488,4078242
NCT04453488,4173939
NCT04359706,4081164
NCT04359706,4211531
NCT04470999,4310328
NCT04470999,4224504
NCT04470999,35942044
NCT04455958,4216826
NCT04474340,4096101
NCT04461353,4078242
NCT04461353,4198042
NCT04461353,4245997
NCT04461353,4181663
NCT04461353,403485
NCT04468035,3016335
NCT04464460,36684937
NCT04487990,4306239
NCT04487990,4230543
NCT03808922,4041531
NCT03808922,4094657
NCT03808922,4189605
NCT03808922,42109
NCT03808922,4230543
NCT03808922,42021447
NCT04346940,40762522
NCT04368832,432969
NCT04474483,439787
NCT04193878,4239408
NCT04193878,19049024
NCT04477668,4296538
NCT04477668,4150345
NCT04475588,434557
NCT04475588,409491
NCT04475588,4148615
NCT04475588,4039428
NCT04475588,40487382
NCT04447781,4042412
NCT04447781,4041878
NCT04447781,320651
NCT04447781,4245997
NCT04447781,4152194
NCT04447781,415479
NCT04483752,45882797
NCT04480606,4169175
NCT04339686,4085442
NCT04475601,373503
NCT04482686,35936749
NCT04482686,45771331
NCT04467112,4310328
NCT04487210,703439
NCT04487210,4245997
NCT04487210,43303
NCT04487210,528323
NCT04487210,403485
NCT04487210,45771331
NCT04487210,403485
NCT04476953,4230543
NCT04476953,4189605
NCT04476953,4041531
NCT04476953,45889912
NCT04476953,4298431
NCT04476953,4267147
NCT04476953,4148615
NCT04476953,4254663
NCT04476953,4336683
NCT04476953,37392945
NCT04476953,2212302
NCT04476953,4078242
NCT03331445,410112
NCT03331445,414638
NCT03331445,4189605
NCT03331445,45889912
NCT03331445,4267147
NCT03331445,4245261
NCT03331445,4306239
NCT03331445,40762508
NCT03331445,409491
NCT04482621,4148615
NCT04482621,2212643
NCT04482621,4039428
NCT04482621,4094657
NCT04482621,4189605
NCT04482621,414638
NCT04482621,4230543
NCT04482621,2212296
NCT04419870,37111521
NCT04480593,46271813
NCT04333875,415756
NCT03452774,4174241
NCT03452774,4041284
NCT04406194,4126465
NCT04406194,37397755
NCT04406194,405732
NCT04406194,4057433
NCT04406194,431447
NCT04400682,37311061
NCT04400682,4126465
NCT04400682,37397755
NCT04400682,405732
NCT04400682,4057433
NCT04400682,431447
NCT04407156,4324124
NCT04351880,37311467
NCT04478539,4108582
NCT04467086,4323433
NCT04479358,4189605
NCT04479358,414638
NCT04479358,4148615
NCT04479358,4039428
NCT04479358,35200995
NCT04479358,35807448
NCT04479358,2212761
NCT04476979,4148615
NCT04476979,4244232
NCT04476979,4039428
NCT04476979,4010408
NCT04476979,414638
NCT04434144,4245997
NCT04476680,4326744
NCT04476680,45884175
NCT04476680,4245997
NCT04473053,4223299
NCT04473053,4336683
NCT04473053,37392316
NCT04473053,45889912
NCT04473053,4148615
NCT04473053,4267147
NCT04473053,37016292
NCT04473274,4223299
NCT04473274,414638
NCT04473274,37115989
NCT04480333,45771331
NCT04480333,45889912
NCT04480333,4232336
NCT04480333,4078242
NCT04447404,37016292
NCT04447404,4336683
NCT04475107,45889912
NCT04475107,4480642
NCT04475107,414638
NCT04475107,4189605
NCT04475107,46271813
NCT04483960,414638
NCT04483960,4189605
NCT04481685,434557
NCT04481685,43012761
NCT04481685,4148615
NCT04487574,414638
NCT04487574,4189605
NCT04487574,4223299
NCT04487574,4253759
NCT04487886,414638
NCT04487886,4189605
NCT04487886,45890528
NCT04480424,3739372
NCT04480424,4152194
NCT04482673,37311061
NCT04475081,4048692
NCT04475081,44818613
NCT04475081,4296954
NCT04432350,37311061
NCT04482699,4353936
NCT04482699,37016292
NCT04482699,4008859
NCT04473300,1311799
NCT04473300,4154803
NCT04477993,4148615
NCT04477993,4039428
NCT04477993,372052
NCT04477993,4096101
NCT04473690,45889912
NCT04473690,403485
NCT04473690,37393216
NCT04473690,2212924
NCT04485130,414638
NCT04485130,4189605
NCT04485130,4230543
NCT04489628,3039576
NCT04441047,4126465
NCT04441047,415479
NCT04441047,3006322
NCT04441047,4224504
NCT04441047,4310328
NCT04479540,2212296
NCT04407000,37311061
NCT04407000,4126465
NCT04407000,37397755
NCT04407000,405732
NCT04407000,4057433
NCT04407000,431447
NCT04475302,434557
NCT04475302,4169154
NCT04480112,4169175
NCT04480112,42527935
NCT04395508,4061031
NCT04395508,2212296
NCT04395508,42739976
NCT04395508,4078242
NCT04473170,4078242
NCT04379284,434557
NCT04290858,409491
NCT04488575,4480642
NCT04488575,4336683
NCT04488575,4041531
NCT04488575,4094657
NCT04488575,4189605
NCT04444986,37311061
NCT04444986,4126465
NCT04444986,37397755
NCT04444986,405732
NCT04444986,4057433
NCT04444986,431447
NCT04481620,4313591
NCT04487691,42538088
NCT04487691,413384
NCT03891420,4114518
NCT03891420,4224504
NCT03891420,4310328
NCT03891420,4096101
NCT03891420,4313591
NCT03891420,4064473
NCT03891420,4480642
NCT03891420,4336683
NCT03891420,414638
NCT03891420,4189605
NCT04401033,4120014
NCT04401033,4099605
NCT04482712,35936749
NCT04482712,45890528
NCT04482712,4094657
NCT04482712,4189605
NCT04482712,4313591
NCT04482712,4096101
NCT04482712,4239408
NCT04477083,9394
NCT04476706,4148615
NCT04480138,37392316
NCT04480138,4313591
NCT04480138,4096101
NCT04480138,4120014
NCT04480138,4336683
NCT04480138,4008859
NCT04481633,37311061
NCT04481633,4015455
NCT03376854,42035945
NCT03376854,19025274
NCT03376854,4078771
NCT03376854,4039428
NCT03376854,4245997
NCT04478071,45889912
NCT04478071,4094657
NCT04478071,4189605
NCT04478071,4041531
NCT04478071,4230543
NCT04478071,409491
NCT04478071,4230165
NCT04478071,36310723
NCT04476719,37311061
NCT04476719,4126465
NCT04476719,37397755
NCT04476719,405732
NCT04476719,4057433
NCT04476719,431447
NCT04475068,4150345
NCT04475068,36683419
NCT04488081,37016292
NCT04488081,4244279
NCT03963622,4086587
NCT03963622,37016292
NCT03963622,4245997
NCT04483375,723479
NCT04483375,4265485
NCT04485429,4216826
NCT04485429,21601607
NCT04460651,19087063
NCT04482595,4322628
NCT04482595,4223299
NCT04482595,4216826
NCT04482595,44818701
NCT04475185,4057432
NCT04475185,40664854
NCT04386876,4126465
NCT04386876,37397755
NCT04386876,405732
NCT04386876,4057433
NCT04386876,431447
NCT04452318,37044592
NCT04452318,40218805
NCT04486313,4224504
NCT04486313,3010647
NCT04486313,4096101
NCT04486313,4081164
NCT04486313,4094448
NCT04343053,4213534
NCT04476992,4310328
NCT02765191,37018292
NCT04447833,37016292
NCT04447833,2212296
NCT04447833,45766326
NCT04447833,3027946
NCT03648372,9394
NCT03648372,4078242
NCT03648372,42537336
NCT03648372,528323
NCT03648372,4215562
NCT03648372,4042412
NCT03648372,4041878
NCT04480957,4172077
NCT04480957,4064473
NCT04480957,4078242
NCT04480957,4326744
NCT04474288,4161294
NCT04480034,4245997
NCT03042143,37016292
NCT03042143,434004
NCT04328285,703439
NCT04328285,4213477
NCT04328285,3029815
NCT04348383,43012761
NCT04331834,4133775
NCT04331834,4057304
NCT04331834,4189605
NCT04331834,414638
NCT04331834,4246053
NCT04331834,4055802
NCT04331834,4250175
NCT04400032,37016292
NCT04400032,8568
NCT04400032,36684937
NCT04438837,4323433
NCT04393038,4096101
NCT04393038,4120014
NCT04391309,4323433
NCT04391309,46271813
NCT04268537,4120445
NCT04268537,4081164
NCT04268537,4253759
NCT04292899,4041531
NCT04292899,4094657
NCT04292899,4189605
NCT04292899,2212296
NCT04292899,45766326
NCT04342728,409491
NCT04342728,4094448
NCT04405271,37111521
NCT04341688,4093836
NCT04329650,4148615
NCT04329650,4189605
NCT04329650,414638
NCT04329650,4039428
NCT04335136,4014007
NCT04335136,4042412
NCT04335136,37398711
NCT04384549,432588
NCT04384549,4041878
NCT04385849,4233883
NCT04385849,439937
NCT04385849,4121879
NCT04385849,4322628
NCT04385849,2212333
NCT04385849,43012761
NCT04385849,4055286
NCT04438980,4096101
NCT04438980,410346
NCT04438980,4233883
NCT04438980,45768444
NCT04438980,42741827
NCT04380961,4108582
NCT04380961,4065409
NCT04380961,403485
NCT04380961,4148615
NCT04380961,4267147
NCT04380961,4480642
NCT04380961,4336683
NCT04380961,45890528
NCT04380961,42050095
NCT04380961,37392316
NCT04380961,4245261
NCT04380961,4306239
NCT04380961,4175016
NCT04380961,4078242
NCT04380961,434557
NCT04377997,4405019
NCT04318015,409491
NCT04318015,4213477
NCT04377334,409491
NCT04398004,4148615
NCT04395170,4213477
NCT04347889,4216826
NCT04422275,40772093
NCT04347174,37392316
NCT04347174,4336683
NCT04354155,4267147
NCT04354155,4245261
NCT04354155,4094436
NCT04354155,4480642
NCT04354155,4336683
NCT04397692,409491
NCT04283461,409491
NCT04283461,4480642
NCT04283461,4336683
NCT04283461,528323
NCT04283461,4216067
NCT04283461,4078242
NCT04283461,4232336
NCT04408040,4245997
NCT04435184,4306576
NCT04344184,20162
NCT04352985,44809183
NCT04352985,4223299
NCT04352985,4323433
NCT04352985,4298431
NCT04352985,4267147
NCT04352985,4081164
NCT04352985,4099154
NCT04412252,46271813
NCT04412252,45889912
NCT04412252,4281995
NCT04412252,4148615
NCT04383613,42742412
NCT04383613,4165535
NCT04383613,4245997
NCT04275414,37016292
NCT04275414,4189605
NCT04275414,4480642
NCT04275414,4152194
NCT04275414,415479
NCT04275414,4223299
NCT04354389,4326744
NCT04354389,4041531
NCT04354389,4094657
NCT04354389,4189605
NCT04354389,42109
NCT04354389,4230543
NCT04355247,43012761
NCT04402203,3010647
NCT04402203,4094657
NCT04402203,4189605
NCT04402203,414638
NCT04402203,409491
NCT04343729,433446
NCT04370262,37392316
NCT04370262,2212296
NCT04370262,4148615
NCT04331470,4096101
NCT04344951,4189605
NCT04344951,4250175
NCT04391101,4120014
NCT04391101,4285602
NCT04341441,2212296
NCT04341441,45771331
NCT04429763,4119813
NCT04429763,44808684
NCT04439071,3198682
NCT04439071,4230543
NCT04439071,4254663
NCT04439071,45889912
NCT04439071,4480642
NCT04439071,43012761
NCT04365257,409491
NCT04365257,4181663
NCT04425252,409491
NCT04425252,4039428
NCT04425252,45889912
NCT04425252,4148615
NCT04425252,2212296
NCT04425252,4189605
NCT04425252,414638
NCT04425252,4230543
NCT04425252,4152194
NCT04425252,415479
NCT04425252,4096101
NCT04425252,4239408
NCT04425252,4233883
NCT04381923,4296538
NCT04352608,4239666
NCT04352608,4122259
NCT04352608,4245997
NCT04352608,440846
NCT04352608,4012972
NCT04352608,37016333
NCT04352608,3025085
NCT04364815,913916
NCT04364815,37111521
NCT04364815,4245997
NCT04364815,409491
NCT04364815,8568
NCT04364815,45889912
NCT04364815,4316372
NCT04364815,4267147
NCT04364815,414638
NCT04299152,4189605
NCT04299152,414638
NCT04299152,45890528
NCT04299152,4230543
NCT04299152,2212227
NCT04299152,4078242
NCT04299152,4042412
NCT04299152,45889912
NCT04299152,4039428
NCT04363450,4213477
NCT04363450,46271813
NCT04380532,4245997
NCT04407689,414638
NCT04407689,4189605
NCT04407689,4215562
NCT04407689,4012972
NCT04407689,4148615
NCT04407689,4039428
NCT04407689,40483383
NCT04359615,4008859
NCT04359615,4035061
NCT04359615,4172077
NCT04334512,40484652
NCT04358614,42536097
NCT04409886,35936749
NCT04363034,409491
NCT04411628,4310328
NCT04411628,4096101
NCT04359316,4189605
NCT04359316,414638
NCT04359316,45890528
NCT04359316,2212296
NCT04359316,45766326
NCT04359316,37016292
NCT04359316,4262845
NCT04341870,4148615
NCT04341870,4244232
NCT04341870,4039428
NCT04341870,4010408
NCT04341870,414638
NCT04373291,4078242
NCT04353271,37111521
NCT04353271,1002134
NCT04348500,4041169
NCT04348500,4013251
NCT04348500,2212643
NCT04348500,4267147
NCT04348500,414638
NCT04442178,414638
NCT04442178,4189605
NCT04442178,4215562
NCT04442178,8568
NCT04353128,37111521
NCT04341389,15636
NCT04360096,415479
NCT04360096,4009409
NCT04358549,4078242
NCT04358549,4080169
NCT04358549,4213477
NCT04421391,35936749
NCT04421391,37392316
NCT04421391,4230543
NCT04338074,1303425
NCT04345289,409491
NCT04345289,4336683
NCT04345289,37016292
NCT04345289,434557
NCT04345289,4012972
NCT04345289,4148615
NCT04345289,4041531
NCT04345289,4267147
NCT04345289,42739976
NCT04397562,414638
NCT04397562,4189605
NCT04397562,4039428
NCT04397562,4148615
NCT04397562,45882227
NCT04406389,4039428
NCT04406389,4124949
NCT04389671,4292196
NCT04389671,2212296
NCT04389671,4323433
NCT04389671,4326744
NCT04389671,4148615
NCT04356677,4326744
NCT04356677,45889912
NCT04356677,4030871
NCT04356677,4013886
NCT04434248,4310328
NCT04434248,4096101
NCT04434248,3027946
NCT04434248,4152194
NCT04434248,415479
NCT04434248,4213477
NCT04434248,4211515
NCT04434248,414638
NCT04434248,4094657
NCT04434248,4189605
NCT04339712,434557
NCT04339712,4078242
NCT04339712,4055285
NCT04328467,37111521
NCT04348370,4078242
NCT04354428,4313591
NCT04354428,4169076
NCT04402879,4296538
NCT04402879,4152194
NCT04402879,4329601
NCT04393311,4326594
NCT04393311,4192056
NCT04382755,37111521
NCT04382755,4148615
NCT04382755,4015824
NCT04382755,3198682
NCT04382755,4121879
NCT04382755,4094448
NCT04409509,4306239
NCT04409509,1778262
NCT04392973,37016292
NCT04392973,4189605
NCT04401410,4300535
NCT04401410,4253759
NCT04401410,4211515
NCT04401410,4094657
NCT04401410,2149109
NCT04355897,4336683
NCT04355897,438878
NCT04355897,4314777
NCT04321369,4189605
NCT04321369,414638
NCT04321369,45890528
NCT04321369,2212296
NCT04321369,45766326
NCT04321369,37016292
NCT04321369,4262845
NCT04338347,37061515
NCT04338347,2212296
NCT04338347,438878
NCT04356443,4096101
NCT04446065,403485
NCT04446065,40761511
NCT04409184,40218805
NCT04287686,4203722
NCT04287686,41907589
NCT04287686,4099154
NCT04270383,4259929
NCT04453527,4148981
NCT04453527,45882878
NCT04449588,4223299
NCT04449588,37016292
NCT04449588,4213477
NCT04443868,44782659
NCT04443868,37311061
NCT04389554,4322628
NCT04439045,3200792
NCT04469621,36716965
NCT04469621,434557
NCT04363593,4161294
NCT04363593,4588918
NCT04363593,4161294
NCT04374084,40481601
NCT04374084,4152194
NCT04374084,415479
NCT04374084,4245997
NCT04302688,4239666
NCT04400929,4353936
NCT04400929,4094448
NCT04400929,4298431
NCT04400929,4015824
NCT04400929,37397915
NCT04413968,4013829
NCT04468139,409491
NCT04438993,4108582
NCT04435379,4078242
NCT04435379,40218805
NCT04457609,4250175
NCT04371510,4298393
NCT04371510,4296538
NCT04334850,4081164
NCT04323761,4480642
NCT04323761,4336683
NCT04323761,45766326
NCT04347512,4213477
NCT04347512,4216826
NCT04449380,37394375
NCT04362150,45889912
NCT04381351,4336683
NCT04427332,703439
NCT04435457,4099154
NCT04435457,4336683
NCT04459637,4169265
NCT04459637,403485
NCT04459637,4124668
NCT04406545,4120014
NCT04357418,4080894
NCT04356950,42801108
NCT04374422,3704007
NCT04347928,415479
NCT04338009,4152194
NCT04338009,415479
NCT04338009,4323433
NCT04338009,44803512
NCT04338009,19049024
NCT04338009,4336683
NCT04344587,4150345
NCT04344587,4274816
NCT04344587,9177
NCT04467840,4310328
NCT04467840,40664854
NCT04467840,4216826
NCT04467840,4048496
NCT04467840,4189605
NCT04467840,414638
NCT04467840,4230543
NCT04467840,4013964
NCT04467840,4148615
NCT04467840,4267147
NCT04467840,45889912
NCT04394884,45889912
NCT04443725,4190899
NCT04443725,4094657
NCT04443725,4049322
NCT04443725,4213477
NCT04443725,37111521
NCT04397705,45771331
NCT04369274,4326744
NCT04369274,4098135
NCT04369274,439937
NCT04369274,2212333
NCT04369274,4322628
NCT04369274,36304833
NCT04450004,4181663
NCT04450004,42739976
NCT04450004,4078242
NCT04450004,913915
NCT04450004,43303
NCT04450004,44795971
NCT04459702,35936749
NCT04459702,45771331
NCT04459702,37111521
NCT04459702,9394
NCT04399252,4148615
NCT04399252,4081164
NCT04399252,44783274
NCT04371978,703443
NCT04411147,4161294
NCT04411147,3033607
NCT04411147,4120014
NCT04411147,4207489
NCT04408001,4081164
NCT04367805,4120014
NCT04461340,4313591
NCT04461340,4233883
NCT04461340,4213477
NCT04461340,434557
NCT04325672,409491
NCT04379375,37311061
NCT04350736,413384
NCT04350736,4181663
NCT04445337,434004
NCT04251767,4211515
NCT04354818,45771331
NCT04341610,4094448
NCT04470297,37392316
NCT04466982,40218805
NCT04377724,403485
NCT04452565,4026077
NCT04452565,4336683
NCT04452565,37392316
NCT04452565,45890528
NCT04452565,19124906
NCT04444700,45889912
NCT04444700,4267147
NCT04444700,19054702
NCT04444700,4306239
NCT04444700,36716965
NCT04400799,45889912
NCT04400799,4267147
NCT04400799,403485
NCT04400799,2212296
NCT04400799,45766326
NCT04433754,919204
NCT04433754,99076
NCT04435522,4078242
NCT04443881,41932474
NCT04443881,3630868
NCT04443881,4039428
NCT04443881,431447
NCT04443881,4480642
NCT04443881,4232915
NCT04443881,415479
NCT04333407,4088483
NCT04333407,4039428
NCT04466098,4353936
NCT04466098,4353713
NCT04466098,1507835
NCT04466098,37039968
NCT04466098,4150345
NCT04466098,4108582
NCT04455815,4041531
NCT04455815,4094657
NCT04455815,4189605
NCT04455815,42109
NCT04455815,4267147
NCT04455815,4055286
NCT04455815,4223299
NCT04353583,4230165
NCT04353583,46236995
NCT04385576,1175318
NCT04446377,4313591
NCT04446377,4310328
NCT04446377,4224504
NCT04446377,3630473
NCT04446377,414638
NCT04446377,45884383
NCT04446377,4094657
NCT04446377,4189605
NCT04446377,45890528
NCT04446377,372052
NCT04446377,4013964
NCT04446377,4078213
NCT04446377,415479
NCT04446377,4152194
NCT04446377,9394
NCT04446377,4048496
NCT04446377,4216826
NCT04420364,4336683
NCT04420364,4151358
NCT04456413,4208169
NCT04456413,42599174
NCT04456413,4122259
NCT04456413,40763481
NCT04456413,37019782
NCT04456413,4245997
NCT04456413,4126465
NCT04456413,4213477
NCT04456413,37311061
NCT04456413,37311061
NCT04456413,4148615
NCT04456413,4169154
NCT04470427,4302666
NCT04470427,45763594
NCT04470427,4078242
NCT04365764,4148981
NCT04456049,4152194
NCT04456049,415479
NCT04425915,4213477
NCT04425915,4120014
NCT04386369,4096101
NCT04399109,4224504
NCT04445272,409491
NCT04380727,3013457
NCT04380727,438878
NCT04376476,37396703
NCT04376476,4078242
NCT04376476,44808684
NCT04384614,45320943
NCT04384614,4120014
NCT04468958,409491
NCT04468958,19117912
NCT04468958,4216067
NCT04463004,4148615
NCT04463004,4108582
NCT04463004,434557
NCT04463004,4296023
NCT04443270,9394
NCT04443270,37392316
NCT04441684,4120014
NCT04390269,4120014
NCT04306705,3198682
NCT04306705,4480642
NCT04306705,4336683
NCT04306705,45889912
NCT04306705,45878743
NCT04306705,4039428
NCT04468087,4041531
NCT04468087,4189605
NCT04468087,4480642
NCT04468087,4336683
NCT04468087,3026258
NCT04468087,4239408
NCT04464408,37016292
NCT04464408,4189605
NCT04452097,4189605
NCT04452097,4480642
NCT04452097,4250175
NCT04363489,37311061
NCT04376580,45879067
NCT04459325,4313591
NCT04459325,45889912
NCT04459325,409491
NCT04453839,4150345
NCT04453839,37393856
NCT04453839,4223299
NCT04369807,45771331
NCT04459819,4169175
NCT04349618,4099592
NCT04349618,4313591
NCT04349618,4099154
NCT04349618,4156221
NCT04349618,4134118
NCT04349618,37016292
NCT04349618,19136048
NCT04451291,37061515
NCT04451291,403485
NCT04451291,4211515
NCT04451291,414638
NCT04451291,4094657
NCT04451291,4189605
NCT04451291,3630868
NCT04451291,4039428
NCT04463472,45771331
NCT04463472,4161294
NCT04463472,4196729
NCT04408248,4010833
NCT04408248,4480642
NCT04408248,4336683
NCT04357431,36309133
NCT04351243,4148615
NCT04351243,4267147
NCT04351243,4189605
NCT04351243,414638
NCT04351243,4336683
NCT04409743,3668483
NCT04434157,4078242
NCT04434157,4211531
NCT04399005,4302666
NCT04435327,4213477
NCT04293692,37018292
NCT04316728,4302666
NCT04316728,4313591
NCT04316728,42599524
NCT04382092,44051935
NCT04408027,764785
NCT04326036,37311061
NCT04326036,4295933
NCT04452773,35936749
NCT04452773,4078242
NCT04452773,4173939
NCT04449276,4078242
NCT04449276,4120014
NCT04449276,4023216
NCT04449276,4086587
NCT04422626,46270079
NCT04422626,45875989
NCT04453384,4336683
NCT04371926,1777087
NCT04371926,4099154
NCT04369456,4298393
NCT04369456,4296538
NCT04448054,4120014
NCT04448054,45768421
NCT04448054,4057304
NCT04409925,937673
NCT04412239,434557
NCT04382534,4302666
NCT04382534,4239408
NCT04382534,4152194
NCT04382534,4313591
NCT04382534,4181663
NCT04441372,703443
NCT04384965,4157256
NCT04384965,4157256
NCT04384965,4353953
NCT04387409,4078242
NCT04387409,40218805
NCT04454307,4326594
NCT04454307,4189605
NCT04393155,45889912
NCT04393155,413384
NCT04361903,37022347
NCT04361903,431447
NCT04361903,4041848
NCT04366141,4142891
NCT04366141,4245997
NCT04344015,45876012
NCT04364984,4223299
NCT04350073,4353936
NCT04350073,4353713
NCT04350073,4353713
NCT04350073,4139633
NCT04350073,2786025
NCT04350073,4302666
NCT04350073,45878402
NCT04445376,4326744
NCT04445376,4217691
NCT04445376,304492
NCT04407546,40218805
NCT04437121,4082751
NCT04469179,4313591
NCT04469179,4096101
NCT04469179,4239408
NCT04469179,409491
NCT04469179,19117912
NCT04469179,4216067
NCT04405544,35936749
NCT04405544,4120014
NCT04422691,37311061
NCT04362358,134442
NCT04419623,1704183
NCT04356495,4239408
NCT04356495,4203757
NCT04429334,4041878
NCT04429334,37111521
NCT04359953,4213477
NCT04361461,4216826
NCT04365439,4096101
NCT04342169,4049322
NCT04342169,4213477
NCT04342169,37016292
NCT04342169,4189605
NCT04342169,37111521
NCT04412395,4096101
NCT04412395,4213477
NCT04412395,45766326
NCT04359654,4313591
NCT04359654,4310328
NCT04382768,409491
NCT04344379,4120014
NCT04344379,4099605
NCT04357613,4096101
NCT04357613,4223299
NCT04357613,4158343
NCT04329572,4008859
NCT04359537,37111521
NCT04359537,4216826
NCT04276688,9394
NCT04276688,4064624
NCT04371952,4313591
NCT04371952,40762508
NCT04391179,43012761
NCT04391179,4152194
NCT04391179,4094657
NCT04391179,4189605
NCT04391179,4041531
NCT04391179,45889912
NCT04391179,4039428
NCT04347681,37311061
NCT04299724,4203722
NCT04331665,3630868
NCT04331665,4039428
NCT04331665,4195338
NCT04331665,4094657
NCT04331665,4189605
NCT04331665,4041531
NCT04331665,2212296
NCT04349241,4313591
NCT04349241,4233883
NCT04310865,372052
NCT04310865,414638
NCT04310865,4189605
NCT04310865,4230543
NCT04310865,409491
NCT04310228,37392316
NCT04310228,3630868
NCT04310228,4039428
NCT04273763,414638
NCT04273763,4230543
NCT04273763,19124906
NCT04273763,4203722
NCT04343183,4329601
NCT04343183,4213477
NCT04432766,4480642
NCT04432766,4336683
NCT04432766,44806062
NCT04432766,4189605
NCT04431466,4251729
NCT04431466,403485
NCT04431466,4099154
NCT04431466,4480642
NCT04431466,44808279
NCT04431466,4189605
NCT04431466,19052489
NCT04431466,414638
NCT04401202,4480642
NCT04401202,4336683
NCT04401202,3198682
NCT04410159,45879249
NCT04344548,4310328
NCT04344548,4078242
NCT04344548,4012972
NCT04344548,4323433
NCT04359329,42801108
NCT04332380,4215562
NCT04332380,4213477
NCT04332380,37016292
NCT04308668,37111521
NCT04308668,4216826
NCT04441424,19136048
NCT04382625,36309413
NCT04382625,37392316
NCT04382625,9394
NCT04382625,37016292
NCT04427566,409491
NCT04403100,4313591
NCT04403100,40483579
NCT04403100,4353936
NCT04403100,35621782
NCT04312009,4116363
NCT04312009,21601823
NCT04312009,4480642
NCT04312009,4336683
NCT04312009,3004366
NCT04312009,41932474
NCT04312009,414638
NCT04385836,35803502
NCT04251871,4230543
NCT04251871,4017361
NCT04421027,35919278
NCT04421027,434557
NCT04421027,4148615
NCT04421027,40487382
NCT04421027,4041531
NCT04421027,4094657
NCT04421027,4189605
NCT04421027,4480642
NCT04421027,4336683
NCT04312997,42528779
NCT04320238,45771331
NCT04363346,38004692
NCT04363346,92898
NCT04370015,4216826
NCT04362332,37396703
NCT04362332,4223299
NCT04362332,4216826
NCT04362332,4148981
NCT04343092,4032479
NCT04416048,4267147
NCT04416048,19136048
NCT04416048,35807225
NCT04416048,1112807
NCT04405076,4302666
NCT04405076,4152194
NCT04405076,42739976
NCT04405076,4057304
NCT04405076,4216067
NCT04405076,4078242
NCT04331899,4313591
NCT04331899,4310328
NCT04331899,4078242
NCT04331899,4012972
NCT04435808,4169076
NCT04435808,40218805
NCT04276896,46235693
NCT04276896,4014007
NCT04276896,4013106
NCT04276896,4203722
NCT04324021,40484211
NCT04324021,4073317
NCT04324021,4233883
NCT04324021,45771331
NCT04324021,4223299
NCT04324021,4480642
NCT04324021,4152194
NCT04324021,415479
NCT04396106,4313591
NCT04396106,4329601
NCT04396106,4096101
NCT04396106,4152194
NCT04396106,415479
NCT04396106,414638
NCT04396106,4189605
NCT04346628,45882878
NCT04346628,4012972
NCT04346628,4078242
NCT04357457,4023409
NCT04357457,4182879
NCT04357457,421086
NCT04357457,3027946
NCT04357457,4152194
NCT04364763,4310328
NCT04364763,4313591
NCT04360356,4326594
NCT04360356,4189605
NCT04434131,409491
NCT04322565,4073317
NCT04321616,44806062
NCT04359901,4313591
NCT04332094,414638
NCT04332094,4189605
NCT04332094,4213477
NCT04398290,4310328
NCT04398290,4096101
NCT04398290,409491
NCT04398290,4108582
NCT04363203,4336683
NCT04363203,4189605
NCT04363203,4041531
NCT04363203,4323433
NCT04363203,9394
NCT04363203,19124906
NCT04370782,4213477
NCT04370782,45757521
NCT04370782,4199139
NCT04323592,373182
NCT04330638,4148615
NCT04330638,4039428
NCT04330638,4015824
NCT04330638,3198682
NCT04330638,4094448
NCT04330638,4041162
NCT04328961,4169076
NCT04387760,4480642
NCT04387760,42938106
NCT04387760,37016292
NCT04387760,4250175
NCT04335123,4326744
NCT04335123,4236347
NCT04335123,19049024
NCT04335123,4108582
NCT04335123,45766326
NCT04335123,438878
NCT04320277,415756
NCT04334460,434557
NCT04334460,4353936
NCT04334460,4041531
NCT04334460,4094657
NCT04334460,4189605
NCT04334460,2212296
NCT04348461,4353936
NCT04363463,409491
NCT04363463,19025274
NCT04363463,4313591
NCT04356833,19054702
NCT04261907,4313591
NCT04261907,40762508
NCT04261907,4096101
NCT04261907,4353936
NCT04261907,37016292
NCT04261907,4189605
NCT04261907,4203722
NCT04357444,40664854
NCT04357444,4250175
NCT04357444,4134118
NCT04341727,4026077
NCT04341727,4336683
NCT04341727,37392316
NCT04341727,45890528
NCT04341727,19124906
NCT04412538,4261867
NCT04412538,4245997
NCT04412538,403485
NCT04412538,4078242
NCT04412538,528323
NCT04412538,4216067
NCT04412538,409491
NCT04412538,37399126
NCT04389840,4158499
NCT04389840,4089466
NCT04389840,4041531
NCT04389840,4094657
NCT04389840,4189605
NCT04389840,4267147
NCT04389840,4012972
NCT04424134,4213477
NCT04361643,4189605
NCT04361643,4041531
NCT04361643,45890528
NCT04361643,35628804
NCT04382651,414638
NCT04382651,4189605
NCT04382651,46271813
NCT04382651,4148615
NCT04382651,4136121
NCT04382651,4336683
NCT04382651,40764999
NCT04382651,4041878
NCT04382651,42739976
NCT04317092,414638
NCT04317092,4189605
NCT04317092,3630868
NCT04317092,4039428
NCT04362137,4013964
NCT04362137,372052
NCT04405908,36203495
NCT04405908,4216067
NCT04405908,4094448
NCT04405908,4302666
NCT04405908,45763594
NCT04405908,4245997
NCT04350684,4008859
NCT04350684,4172077
NCT04375202,2212296
NCT04375202,4189605
NCT04375202,414638
NCT04375202,3630868
NCT04375202,4039428
NCT04389580,4245997
NCT04341584,4148615
NCT04341584,4244232
NCT04341584,4039428
NCT04341584,4010408
NCT04341584,414638
NCT04341584,4213477
NCT04345614,46234712
NCT04345614,4152194
NCT04345614,4126465
NCT04345614,415479
NCT04345614,44790067
NCT04376034,45876012
NCT04351620,4152194
NCT04351620,415479
NCT04351620,9394
NCT04351620,4302666
NCT04331613,37016292
NCT04331613,4310328
NCT04420741,37398711
NCT04420741,4223299
NCT04359810,36309853
NCT04402944,404903
NCT04425460,4211515
NCT04425460,414638
NCT04425460,4094657
NCT04425460,4189605
NCT04425460,4310328
NCT04425460,4096101
NCT04425460,410346
NCT04425460,4353936
NCT04425460,2212296
NCT04382729,4245997
NCT04437823,4250175
NCT04334967,2212296
NCT04365517,4213477
NCT04365517,4078242
NCT04365517,703443
NCT04390152,414638
NCT04390152,4189605
NCT04390152,4213477
NCT04408209,4108582
NCT04408209,45890528
NCT04379336,4013105
NCT04341285,42035945
NCT04415073,4627004
NCT04415073,434557
NCT04415073,35807417
NCT04326920,4298431
NCT04326920,4015824
NCT04326920,4094448
NCT04326920,37397915
NCT04348695,4281232
NCT04252274,46271813
NCT04345848,4267147
NCT04345848,45889912
NCT04360824,2212296
NCT04360824,37111521
NCT04353180,4245997
NCT04399798,45889912
NCT04399798,4148615
NCT04399798,44782659
NCT04399798,2212296
NCT04399798,4014007
NCT04399798,4078242
NCT04412057,4150345
NCT04399980,4148615
NCT04399980,4108582
NCT04399980,434557
NCT04399980,4296023
NCT04346615,4336683
NCT04346615,4094448
NCT04346615,722871
NCT04346615,42642819
NCT04346615,4012972
NCT04346615,4189605
NCT04346615,414638
NCT04346615,45890528
NCT04346615,434557
NCT04358783,4313591
NCT04358783,43012222
NCT04358783,4233883
NCT04388410,4073076
NCT04391140,4245997
NCT04391140,4353936
NCT04363437,4313591
NCT04363437,913915
NCT04363437,4013259
NCT04363437,4041531
NCT04363437,4094657
NCT04363437,4189605
NCT04332042,4223299
NCT04332042,2212296
NCT04332042,45889912
NCT04332042,4254663
NCT04332042,4148615
NCT04332042,4267147
NCT04351516,37111521
NCT04351516,4223299
NCT04351516,45890528
NCT04351516,37392316
NCT04351516,45889912
NCT04351516,37394163
NCT04351516,1338985
NCT04351516,4096101
NCT04351516,4313591
NCT04334382,4049322
NCT04334382,4213477
NCT04334382,37016292
NCT04334382,4189605
NCT04334382,4189605
NCT04334382,37111521
NCT04414124,19025274
NCT04344756,4244232
NCT04377477,703443
NCT04377477,409491
NCT04424901,4267147
NCT04424901,4152194
NCT04424901,40481601
NCT04278963,37111521
NCT04278963,4096101
NCT04278963,4233883
NCT04278963,372052
NCT04278963,421378
NCT04278963,4189605
NCT04278963,4230543
NCT04278963,409491
NCT04362189,4078242
NCT04275388,4078242
NCT04372628,4094657
NCT04372628,4189605
NCT04372628,4041531
NCT04372628,4216826
NCT04381884,4081164
NCT04352933,4336683
NCT04379492,4216826
NCT04379492,407467
NCT04379492,4041531
NCT04379492,4094595
NCT04379492,2212296
NCT04344041,4310328
NCT04344041,4096101
NCT04329611,37016292
NCT04329611,35623426
NCT04334928,4480642
NCT04334928,4213477
NCT04334928,37111521
NCT04334928,9394
NCT04351763,4064885
NCT04351763,4126465
NCT04351763,4108582
NCT04361032,412476
NCT04361032,4039428
NCT04335305,913919
NCT04335305,46235695
NCT04368000,4154803
NCT04368000,435371
NCT04368000,419885
NCT04368000,4150345
NCT04325061,4027726
NCT04325061,4353936
NCT04325061,4353713
NCT04325061,4353936
NCT04357730,1321341
NCT04357730,4230543
NCT04357730,4126465
NCT04357730,415479
NCT04357730,4306239
NCT04357730,4267147
NCT04357730,37076447
NCT04357730,19054702
NCT04408235,4267147
NCT04408235,4306239
NCT04408235,4307179
NCT04408235,4336683
NCT04408235,40764999
NCT04408235,409491
NCT04327206,4048692
NCT04327206,4173939
NCT04327206,434557
NCT04321993,36684937
NCT04321993,4041531
NCT04321993,4094657
NCT04321993,4189605
NCT04321993,4336683
NCT04384380,37392316
NCT04384380,4480642
NCT04384380,4336683
NCT04384380,43009039
NCT04384380,415514
NCT04384380,37397755
NCT04357860,36684937
NCT04357860,4148615
NCT04357860,4267147
NCT04357860,414638
NCT04357860,4189605
NCT04357860,4081164
NCT04383548,703439
NCT04383548,4120014
NCT04328272,37396703
NCT04328272,2212296
NCT04328272,4189605
NCT04328272,4041531
NCT04328272,4322628
NCT04328272,4245997
NCT04352751,19136048
NCT04347382,4125556
NCT04344730,3027946
NCT04320056,4099592
NCT04320056,3027946
NCT04343976,4267147
NCT04343976,4013251
NCT04343976,4148615
NCT04343976,45889912
NCT04343976,4269845
NCT04343976,41931377
NCT04343976,4306239
NCT04343976,4322628
NCT04343976,2212761
NCT04377646,4216826
NCT04363866,4112232
NCT04324996,414638
NCT04324996,4189605
NCT04324996,3630868
NCT04324996,4039428
NCT04382040,36713682
NCT04374526,4233883
NCT04361435,1340128
NCT04361435,4329601
NCT04348071,3739306
NCT04348071,4148615
NCT04348071,45889912
NCT04348071,4013964
NCT04348071,434557
NCT04409873,4215562
NCT04384900,4353953
NCT04384900,44807883
NCT04401423,372052
NCT04401423,45765672
NCT04352400,4336683
NCT04352400,37016292
NCT04352400,4126465
NCT04352400,45889912
NCT04352400,37399161
NCT04352400,3027946
NCT04352400,4310328
NCT04352400,4017403
NCT04352400,37116008
NCT04352400,19049024
NCT04307693,2212296
NCT04307693,4189605
NCT04307693,4041531
NCT04420247,414638
NCT04420247,4189605
NCT04420247,4336683
NCT04405570,45889912
NCT04405570,4267147
NCT04405570,4480642
NCT04405570,4336683
NCT04405570,4094657
NCT04405570,4189605
NCT04405570,414638
NCT04405570,2212296
NCT04405570,4078242
NCT04405570,4081164
NCT04405570,37394135
NCT04356482,19025274
NCT04382066,4322628
NCT04382066,45889912
NCT04382066,3630868
NCT04382066,4039428
NCT04382066,42007031
NCT04382066,45890528
NCT04382066,4294804
NCT04382066,2212296
NCT04382066,4009409
NCT04382066,4223299
NCT04382066,4008859
NCT04366323,4323433
NCT04303507,2212296
NCT04355676,4126465
NCT04355676,44789316
NCT04355676,4148615
NCT04355676,4039428
NCT04355676,2212296
NCT04355676,4189605
NCT04355676,414638
NCT04355676,2212227
NCT04355676,19136048
NCT04355676,4099154
NCT04355676,37111521
NCT04390594,4216826
NCT04390594,4073752
NCT04354597,4120014
NCT04354597,37111521
NCT04354597,4094657
NCT04354597,4189605
NCT04354597,4041531
NCT04354597,45889912
NCT04354597,4267147
NCT04354597,4212899
NCT04354597,4013251
NCT04354597,4048496
NCT04325893,40483539
NCT04325893,437833
NCT04325893,4008859
NCT04325893,4136121
NCT04377750,3630868
NCT04377750,4039428
NCT04365127,414638
NCT04365127,4189605
NCT04364022,45771331
NCT04364022,2212296
NCT04364022,314664
NCT04364022,4216826
NCT04384445,4055285
NCT04384445,44809806
NCT04345276,4313591
NCT04345276,40762508
NCT04345276,4096101
NCT04345276,410346
NCT04345276,4353936
NCT04345276,37016292
NCT04345276,4189605
NCT04345276,4250175
NCT04418128,43012577
NCT04418128,414638
NCT04418128,4189605
NCT04393727,4233883
NCT04333628,4224504
NCT04333628,42538697
NCT04411667,4126465
NCT04411667,415479
NCT04313322,4323433
NCT04429711,37111521
NCT04351906,2212348
NCT04351906,37016292
NCT04405739,4267147
NCT04405739,45889912
NCT04405739,4213477
NCT04405739,4213477
NCT04405739,40491848
NCT04405739,528323
NCT04405739,4253759
NCT04405739,4245997
NCT04405739,37394135
NCT04280588,414638
NCT04280588,4189605
NCT04280588,3630868
NCT04280588,4039428
NCT04393246,372052
NCT04393246,45765798
NCT04393246,4099592
NCT04393246,4189605
NCT04393246,4189605
NCT04393246,3630868
NCT04393246,2212761
NCT04393246,4175713
NCT04393246,37311061
NCT04273529,37016292
NCT04273529,4189605
NCT04273529,409491
NCT04273529,4250175
NCT04385095,37044592
NCT04323631,9394
NCT04323631,4323433
NCT04273581,37016292
NCT04273581,4189605
NCT04273581,409491
NCT04344080,37016292
NCT04404361,4078242
NCT04404361,4081164
NCT04404361,409491
NCT04404361,4013964
NCT04404361,2212227
NCT04404361,9394
NCT04404361,4112232
NCT04404361,43012761
NCT04403243,4213477
NCT04370236,37392316
NCT04387240,4148981
NCT04366232,4148615
NCT04366232,4189605
NCT04366232,414638
NCT04366232,4267147
NCT04397328,4253759
NCT04397328,42599524
NCT04397328,4224504
NCT04397328,4064881
NCT04397328,36684836
NCT04302766,37392316
NCT04302766,4336683
NCT04397718,4048496
NCT04344288,4152194
NCT04344288,4096101
NCT04441398,4268323
NCT04356534,19136048
NCT04426201,414638
NCT04426201,4189605
NCT04426201,4215562
NCT04426201,40483383
NCT04392414,4013964
NCT04359277,4322628
NCT04359277,2212296
NCT04359277,4267147
NCT04359277,45889912
NCT04359277,4323715
NCT04431453,4041531
NCT04431453,4094657
NCT04431453,4189605
NCT04431453,4480642
NCT04431453,4336683
NCT04355429,4041162
NCT04435314,4120014
NCT04435314,4268323
NCT04435314,913916
NCT04385186,37311061
NCT04385186,4039428
NCT04385186,19136048
NCT04385186,19062817
NCT04293887,409491
NCT04381377,409491
NCT04356690,4148615
NCT04356690,4267147
NCT04356690,45890528
NCT04356690,2212296
NCT04356690,4081164
NCT04333368,4134118
NCT04350593,4336683
NCT04350593,44789315
NCT04327349,316866
NCT04327349,4024656
NCT04386850,761935
NCT04386850,45878816
NCT04386850,4013984
NCT04358939,4245997
NCT04358939,4353936
NCT04388709,2212333
NCT04388709,2212761
NCT04349098,4152194
NCT04349098,44789316
NCT04349098,4148615
NCT04349098,4039428
NCT04349098,2212296
NCT04349098,4189605
NCT04349098,4041531
NCT04349098,4230543
NCT04349098,19136048
NCT04399889,45890528
NCT04399889,4267147
NCT04379518,4310328
NCT04379518,40762508
NCT04379518,410346
NCT04379518,4143632
NCT04379518,926978
NCT04379518,4253759
NCT04363060,4213477
NCT04394117,4480642
NCT04394117,37016292
NCT04348305,37398643
NCT04377620,372052
NCT04377620,45766326
NCT04342182,4120014
NCT04342182,37111521
NCT04342182,4039428
NCT04342182,37075076
NCT04417335,4078242
NCT04345523,4336683
NCT04380519,4148615
NCT04380519,4298431
NCT04380519,4267147
NCT04380519,4041531
NCT04380519,4094657
NCT04380519,4189605
NCT04380519,2212296
NCT04380519,4150345
NCT04380519,43012761
NCT04358211,409491
NCT04351724,37392316
NCT04351724,4213477
NCT04351724,43012761
NCT04320615,434557
NCT04320615,409491
NCT04320615,42739976
NCT04320615,4041531
NCT04320615,4094657
NCT04320615,4189605
NCT04320615,4148615
NCT04320615,4267147
NCT04374279,4041531
NCT04374279,4094657
NCT04374279,4189605
NCT04374279,19025274
NCT04374279,4313591
NCT04374279,4245997
NCT04358068,19124906
NCT04358068,9394
NCT04358068,4150754
NCT04403269,4169175
NCT04403269,36308424
NCT04403269,4300816
NCT04327388,4189605
NCT04327388,414638
NCT04327388,4039428
NCT04347941,4313591
NCT04341116,36712924
NCT04341116,45889912
NCT04341116,4148615
NCT04341116,4039428
NCT04400058,4153375
NCT04400058,4213477
NCT04400058,38004693
NCT04382924,37392316
NCT04382924,4336683
NCT04291053,4308014
NCT04386239,4189605
NCT04386239,414638
NCT04386239,4148615
NCT04386239,4267147
NCT04346589,4006833
NCT04358406,44806832
NCT04358406,40480608
NCT04358406,19025274
NCT04358406,37111521
NCT04324463,4136121
NCT04329832,4049322
NCT04329832,4213477
NCT04329832,37111521
NCT04422509,4094657
NCT04355052,4148981
NCT04355052,3630868
NCT04355052,4189605
NCT04355052,414638
NCT04355052,9394
NCT04355052,37116827
NCT04355052,4081164
NCT04355052,4245997
NCT04311697,4150345
NCT04311697,37393856
NCT04311697,4223299
NCT04311697,4009409
NCT04311697,3014315
NCT04338126,1303425
NCT04313023,36713682
NCT04313023,35622294
NCT04354831,409491
NCT04323514,4057316
NCT04410328,35807312
NCT04410328,45889912
NCT04410328,4267147
NCT04410328,4008099
NCT04410328,4236347
NCT04379271,4298431
NCT04379271,4267147
NCT04379271,4230543
NCT04379271,4041531
NCT04379271,4171925
NCT04379271,4171925
NCT04379271,43532213
NCT04379271,37016292
NCT04379271,4223299
NCT04357782,4336683
NCT04343755,4208169
NCT04343755,37311061
NCT04343755,37019782
NCT04343755,4189605
NCT04343755,414638
NCT04373044,4327886
NCT04373044,4041531
NCT04373044,4094657
NCT04373044,4189605
NCT04373044,4148615
NCT04373044,40487382
NCT04373044,45889912
NCT04373044,4480642
NCT04373044,4213477
NCT04276987,2212296
NCT04276987,37016292
NCT04276987,19136048
NCT04425772,37392316
NCT04425772,4213477
NCT04373733,4189605
NCT04373733,414638
NCT04373733,4336683
NCT04386447,4073321
NCT04386447,4213477
NCT04386447,4216826
NCT04386447,4207643
NCT04360759,415514
NCT04360759,4213477
NCT04331795,4189605
NCT04331795,414638
NCT04331795,4148615
NCT04331795,4039428
NCT04331795,35200995
NCT04331795,2212761
NCT04331795,4245997
NCT04356937,4148615
NCT04356937,4039428
NCT04356937,37392316
NCT04356937,4055286
NCT04427098,4267147
NCT04427098,4306239
NCT04427098,4307179
NCT04427098,4099154
NCT04350320,4213477
NCT04350320,4189605
NCT04350320,4041301
NCT04350320,35917325
NCT04353037,37311061
NCT04353037,37311061
NCT04353037,40769164
NCT04353037,409491
NCT04353037,4108582
NCT04330300,4323433
NCT04330300,4326744
NCT04366245,43012761
NCT04366245,2212333
NCT04366245,4336683
NCT04357808,4189605
NCT04357808,414638
NCT04357808,4148615
NCT04357808,4267147
NCT04357808,4120014
NCT04384731,37111521
NCT04384731,3036277
NCT04342650,4310328
NCT04342650,4313591
NCT04335201,4150345
NCT04335201,40762508
NCT04335201,4353936
NCT04335201,4233883
NCT04432103,4161294
NCT04432103,45876012
NCT04252664,37016292
NCT04252664,4189605
NCT04252664,4042999
NCT04252664,4480642
NCT04252664,409491
NCT04333355,45889912
NCT04333355,4039428
NCT04361214,4250175
NCT04361214,4302666
NCT04343768,4008859
NCT04343768,4172077
NCT04424797,4313591
NCT04424797,4239408
NCT04424797,4329601
NCT04424797,4152194
NCT04424797,4126465
NCT04424797,4150345
NCT04280705,4041531
NCT04280705,4189605
NCT04280705,4480642
NCT04280705,4336683
NCT04395911,37018292
NCT04395911,40758873
NCT04260594,4313591
NCT04260594,4310328
NCT04260594,40762508
NCT04260594,4353936
NCT04260594,4267147
NCT04260594,45889912
NCT04260594,4230543
NCT04260594,4094657
NCT04260594,4189605
NCT04260594,4041531
NCT04260594,4013964
NCT04260594,45765671
NCT04260594,4306576
NCT04260594,4245261
NCT04260594,4055285
NCT04421508,410112
NCT04421508,409491
NCT04421508,4108582
NCT04340557,4213477
NCT04340557,2212296
NCT04323228,4148981
NCT04381962,4010497
NCT04381962,4192937
NCT04381962,19049024
NCT04381962,4206766
NCT04380701,4078242
NCT04380701,405732
NCT04374149,43012761
NCT04374149,434557
NCT04374149,2212296
NCT04374149,4148615
NCT04374149,4267147
NCT04330586,2212296
NCT04330586,4189605
NCT04330586,414638
NCT04338958,431447
NCT04338958,414638
NCT04338958,4189605
NCT04338958,4148615
NCT04338958,4267147
NCT04338958,45889912
NCT04338958,4296023
NCT04273646,37018292
NCT04388683,4336683
NCT04388683,4013964
NCT04373707,4213477
NCT04373707,35805046
NCT04369469,4203722
NCT04366063,4480642
NCT04366063,4336683
NCT04366063,37018292
NCT04334148,45771331
NCT04334148,9394
NCT04429529,45771331
NCT04429529,45889912
NCT04429529,4078242
NCT04390178,4480642
NCT04394377,4039428
NCT04394377,41905185
NCT04394377,45765798
NCT04394377,4326744
NCT04394377,44789316
NCT04394377,4306239
NCT04394377,2212296
NCT04394377,45766326
NCT04377672,409491
NCT04407130,4096101
NCT04407130,4120014
NCT04407130,4095055
NCT04415060,36716951
NCT04386616,409491
NCT04386616,42739976
NCT04386616,4081164
NCT04386616,4211531
NCT04386616,414638
NCT04386616,4189605
NCT04386616,413511
NCT04336332,703439
NCT04345861,4096101
NCT04345861,4336683
NCT04345861,9394
NCT04401527,4298393
NCT04401527,19136048
NCT04401527,45889912
NCT04401527,2212296
NCT04401527,4078242
NCT04392232,4120014
NCT04392232,4313591
NCT04392232,4310328
NCT04392232,4224504
NCT04392232,2212333
NCT04392232,40487382
NCT04392232,4152673
NCT04336904,4211515
NCT04336904,414638
NCT04336904,4094657
NCT04336904,4189605
NCT04336904,4310328
NCT04336904,4096101
NCT04336904,410346
NCT04336904,4353936
NCT04336904,2212296
NCT04336904,45766326
NCT04336904,4013964
NCT04326790,4336683
NCT04336748,4216826
NCT04433910,4108582
NCT04433910,45890528
NCT04433910,414638
NCT04433910,4189605
NCT04442230,3010647
NCT04442230,4301868
NCT04442230,4245997
NCT04442230,2212296
NCT04390412,4405019
NCT04414098,4039428
NCT04414098,3630868
NCT04414098,45889912
NCT04414098,4195338
NCT04414098,4094657
NCT04414098,4189605
NCT04414098,4041531
NCT04414098,45890528
NCT04381338,44789315
NCT04315948,4095055
NCT04315948,4336683
NCT04315948,4078242
NCT04368156,316866
NCT04389450,4099154
NCT04389450,4013964
NCT04389450,4230543
NCT04389450,92898
NCT04389450,1344143
NCT04412291,4336683
NCT04412291,44789315
NCT04412291,44789316
NCT04412291,4012972
NCT04412291,4148615
NCT04412291,4094657
NCT04412291,4189605
NCT04412291,4041531
NCT04412291,4039428
NCT04412291,434557
NCT04412291,414928
NCT04365738,4310328
NCT04365738,4326744
NCT04322396,4336683
NCT04428008,44812133
NCT04366960,372052
NCT04379479,4066824
NCT04392453,35623426
NCT04422678,4230543
NCT04422678,4094657
NCT04422678,4189605
NCT04422678,4041531
NCT04422678,2212296
NCT04373460,4253759
NCT04334629,4093836
NCT04438057,4322628
NCT04438057,2212296
NCT04412668,43012761
NCT04412668,4245997
NCT04412668,37111521
NCT04416334,4189605
NCT04416334,421471
NCT04315480,4148615
NCT04315480,4267147
NCT04315480,414638
NCT04360122,4057304
NCT04361474,4120014
NCT04361474,4057304
NCT04370288,4213477
NCT04370288,4189605
NCT04370288,4041301
NCT04291729,4313591
NCT04291729,40762508
NCT04291729,4096101
NCT04291729,410346
NCT04291729,4353936
NCT04291729,37016292
NCT04291729,4189605
NCT04291729,4250175
NCT04347239,1507835
NCT04347239,4126465
NCT04347239,44789316
NCT04374552,4216826
NCT04336254,37016292
NCT04336254,4189605
NCT04336254,4480642
NCT04257656,37016292
NCT04257656,4189605
NCT04257656,409491
NCT04257656,4480642
NCT04340544,19071968
NCT04436471,4203722
NCT04436471,4152194
NCT04436471,415479
NCT04436471,4239408
NCT04321096,4133775
NCT04321096,45771331
NCT04321096,4195338
NCT04321096,4480642
NCT04321096,4336683
NCT04321096,4013964
NCT04321096,409491
NCT04321096,272118
NCT04335084,35936749
NCT04335084,317576
NCT04335084,37392316
NCT04335084,4230543
NCT04397510,4039428
NCT04411433,4211515
NCT04411433,414638
NCT04411433,4094657
NCT04411433,4189605
NCT04411433,2212296
NCT04411433,4096101
NCT04328441,4078242
NCT04322682,4480642
NCT04322682,4336683
NCT04396067,4245997
NCT04396067,4148615
NCT04396067,4042563
NCT04396067,4211515
NCT04396067,4094657
NCT04396067,4171925
NCT04396067,4230543
NCT04396067,45890528
NCT04396067,4267147
NCT04396067,4306239
NCT04396067,4294804
NCT04396067,36717332
NCT04388826,4041531
NCT04388826,4094657
NCT04388826,4189605
NCT04388826,4230543
NCT04388826,2212296
NCT04388826,2212924
NCT04388826,37397755
NCT04338828,36685446
NCT04332107,4216826
NCT04379076,414638
NCT04379076,4189605
NCT04379076,4215562
NCT04379076,40483383
NCT04384497,4480642
NCT04368728,4078242
NCT04368728,4245997
NCT04368728,43303
NCT04368728,4013829
NCT04368728,4064473
NCT04368728,528323
NCT04368728,19130963
NCT04414618,4310328
NCT04414618,4216826
NCT04414618,4048496
NCT04414618,4189605
NCT04414618,414638
NCT04414618,4013964
NCT04414618,4148615
NCT04414618,4267147
NCT04414618,45889912
NCT04418531,19025274
NCT04418531,4006833
NCT04367168,2212296
NCT04395768,45765671
NCT04345601,35805046
NCT04398303,409455
NCT04398303,37111521
NCT04398303,3027946
NCT04358081,2212296
NCT04359290,37392316
NCT04372589,4126465
NCT04372589,415479
NCT04372589,4267147
NCT04372589,4306239
NCT04372589,3042436
NCT04372589,45889912
NCT04321278,4042563
NCT04321278,4041531
NCT04321278,4094657
NCT04321278,4189605
NCT04321278,37397755
NCT04381988,43303
NCT04381988,42079668
NCT04381988,4148615
NCT04381988,4216826
NCT04381988,418114
NCT04404218,2212296
NCT04370834,43012761
NCT04370834,434557
NCT04427501,4310328
NCT04427501,4096101
NCT04427501,4353936
NCT04427501,4313591
NCT04427501,40218805
NCT04427501,40218805
NCT04412772,42739976
NCT04412772,4041531
NCT04412772,4094657
NCT04412772,4189605
NCT04412772,4148615
NCT04412772,4267147
NCT04412772,4233883
NCT04418505,4039922
NCT04418505,4078242
NCT04355728,4233883
NCT04355728,4189605
NCT04355728,414638
NCT04355728,3027946
NCT04355728,4008859
NCT04366271,4150345
NCT04366271,4152194
NCT04366271,4126465
NCT04366271,4239021
NCT04366271,4010052
NCT04366271,4081164
NCT04366271,4303257
NCT04352803,409491
NCT04352803,4245997
NCT04352803,45875986
NCT04352803,4175016
NCT04352803,4039428
NCT04410354,414638
NCT04410354,45890528
NCT04410354,4306239
NCT04410354,4336683
NCT04414631,37016292
NCT04345653,2212296
NCT04410510,37311061
NCT04410510,40762508
NCT04410510,4353936
NCT04390061,4223299
NCT04390061,2212296
NCT04390061,45889912
NCT04390061,4254663
NCT04390061,4148615
NCT04390061,4267147
NCT04397497,4233883
NCT04397497,4148615
NCT04397497,434557
NCT04397497,4223299
NCT04397497,42739976
NCT04371640,4310328
NCT04371640,4041531
NCT04371640,2212296
NCT04371640,45766326
NCT04366089,38002526
NCT04344600,409491
NCT04350671,4008859
NCT04350671,4172077
NCT04342689,43012761
NCT04325906,4096101
NCT04325906,4353936
NCT04325906,4313591
NCT04325906,3027946
NCT04325906,4233883
NCT04325906,4126465
NCT04325906,4010052
NCT04374903,37111521
NCT04374903,45889912
NCT04374903,4267147
NCT04374903,4216826
NCT04378920,4171988
NCT04374539,4223299
NCT04343651,37016292
NCT04343651,36310977
NCT04343651,4215562
NCT04345445,37392316
NCT04345445,4267147
NCT04345445,4148615
NCT04345445,4012972
NCT04346355,4353936
NCT04346355,414638
NCT04346355,3198682
NCT04346355,3630868
NCT04346355,4039428
NCT04395456,46273413
NCT04395456,434004
NCT04395456,35804804
NCT04395456,4213477
NCT04324073,4148615
NCT04324073,4244232
NCT04324073,4039428
NCT04324073,4010408
NCT04324073,414638
NCT04365309,4267147
NCT04342221,4313591
NCT04342221,4250175
NCT04342221,37111521
NCT04342221,4587925
NCT04342221,4230543
NCT04342221,3198682
NCT04342221,37398766
NCT04409327,4480642
NCT04409327,4336683
NCT04409327,37394171
NCT04421664,37111521
NCT04360876,4012972
NCT04360876,4148615
NCT04360876,414638
NCT04360876,4189605
NCT04360876,434557
NCT04375397,4078242
NCT04375397,4323433
NCT04375397,4310328
NCT04333914,4108582
NCT04333914,37392808
NCT04333914,4120014
NCT04311177,21601823
NCT04311177,4480642
NCT04311177,4336683
NCT04311177,4152194
NCT04311177,41932474
NCT04311177,414638
NCT04339816,9394
NCT04394182,4211531
NCT04380688,4041531
NCT04380688,4094657
NCT04380688,4189605
NCT04380688,45890528
NCT04380688,4223299
NCT04390022,4157263
NCT04441385,4096101
NCT04441385,414638
NCT04441385,4292196
NCT04441385,4081164
NCT04441385,4215562
NCT04441385,45889912
NCT04441385,9394
NCT04441385,4216826
NCT04441385,4223299
NCT04441385,409491
NCT04441385,4240345
NCT04441385,4121879
NCT04340050,409491
NCT04340050,45876012
NCT04376814,4216826
NCT04402840,434004
NCT04349592,975125
NCT04349592,8568
NCT04349592,4089466
NCT04349592,4077703
NCT04349592,417825
NCT04346199,4041531
NCT04346199,4094657
NCT04346199,4189605
NCT04346199,45890528
NCT04346199,4223299
NCT04401293,4196718
NCT04401293,4267147
NCT04401293,4039519
NCT04401293,19136048
NCT04425538,4012972
NCT04425538,4148615
NCT04425538,45889912
NCT04425538,4039428
NCT04425538,4189605
NCT04425538,414638
NCT04425538,4223299
NCT04425538,4480642
NCT04425538,4336683
NCT04317040,46270901
NCT04317040,4203722
NCT04317040,37016292
NCT04317040,4189605
NCT04317040,2212296
NCT04338906,4064885
NCT04318444,45771331
NCT04390503,4120014
NCT04390503,4310328
NCT04315298,4012972
NCT04315298,4148615
NCT04315298,4094657
NCT04315298,4189605
NCT04315298,4041531
NCT04315298,4039428
NCT04315298,434557
NCT04390217,37018292
NCT04335071,3198682
NCT04335071,45889912
NCT04335071,45878743
NCT04335071,4148615
NCT04335071,4039428
NCT04366050,4041531
NCT04366050,4094657
NCT04366050,4189605
NCT04366050,4136121
NCT04366050,4013964
NCT04366050,44789315
NCT04366050,44789316
NCT04375046,4203722
NCT04375046,4099154
NCT04261270,4313591
NCT04261270,4096101
NCT04261270,4353936
NCT04261270,4189605
NCT04261270,4250175
NCT04347031,4064473
NCT04386252,4120014
NCT04386252,757679
NCT04432272,409491
NCT04428268,4150345
NCT04428268,4189605
NCT04428268,4041531
NCT04428268,40478963
NCT04428268,45765672
NCT04360980,4336683
NCT04365153,4065387
NCT04365153,44803512
NCT04365153,4148615
NCT04365153,4296023
NCT04403685,4148615
NCT04403685,4316372
NCT04403685,41932474
NCT04403685,414638
NCT04403685,43009039
NCT04346329,2212296
NCT04346329,4213477
NCT04346329,9394
NCT04312243,35936749
NCT04331054,9394
NCT04380402,414638
NCT04380402,4189605
NCT04380402,4294804
NCT04380402,2212296
NCT04322773,4328749
NCT04322773,1112807
NCT04322773,4223299
NCT04322773,43012761
NCT04322773,434557
NCT04365985,4010833
NCT04384458,19124906
NCT04384458,37111521
NCT04402866,45889912
NCT04402866,4039428
NCT04402866,4245997
NCT04366180,4120014
NCT04366180,4099605
NCT04359680,4094448
NCT04405310,19136048
NCT04286503,4094595
NCT04286503,37018292
NCT04433546,4152194
NCT04433546,4126465
NCT04433546,415479
NCT04433546,40481601
NCT04433546,4480642
NCT04433546,4336683
NCT04433546,414638
NCT04433546,414638
NCT04433546,4189605
NCT04433546,4189605
NCT04433546,45890528
NCT04335786,4302302
NCT04335786,4152194
NCT04335786,415479
NCT04335786,4480642
NCT04335786,4336683
NCT04335786,4189605
NCT04335786,414638
NCT04362059,4336683
NCT04412018,4152194
NCT04412018,415479
NCT04363853,36684937
NCT04363853,4035061
NCT04363853,3630868
NCT04363853,421471
NCT04363853,3027946
NCT04340232,40487382
NCT04340232,4148615
NCT04340232,4155233
NCT04340232,4136121
NCT04340232,414638
NCT04340232,4189605
NCT04340232,434557
NCT04440007,4041531
NCT04440007,4230543
NCT04440007,4112232
NCT04440007,4223299
NCT04382950,4099154
NCT04292730,4041531
NCT04292730,4094657
NCT04292730,4189605
NCT04292730,2212296
NCT04292730,45766326
NCT04367831,37111521
NCT04367831,4267147
NCT04367831,45889912
NCT04367831,764364
NCT04367831,4098135
NCT04367831,4094657
NCT04367831,4189605
NCT04367831,4041531
NCT04367831,45890528
NCT04367831,36310723
NCT04353206,4306239
NCT04441918,723479
NCT04441918,4240345
NCT04441918,403485
NCT04441918,4248525
NCT04441918,4126465
NCT04441918,415479
NCT04441918,4212899
NCT04441918,4013251
NCT04441918,4039428
NCT04441918,3630868
NCT04441918,45889912
NCT04441918,4211531
NCT04441918,414638
NCT04441918,4189605
NCT04441918,41962822
NCT04441918,37392808
NCT04441918,4196134
NCT04441918,37399606
NCT04441918,1002581
NCT04441918,1344143
NCT04438850,4250175
NCT04341935,4480642
NCT04341935,4336683
NCT04362111,45882878
NCT04437875,4203722
NCT04437875,4152194
NCT04437875,415479
NCT04437875,4239408
NCT04305106,37016292
NCT04305106,4189605
NCT04305106,4480642
NCT04305106,4232915
NCT04305106,415479
NCT04371822,37397915
NCT04371822,438878
NCT04409834,4267147
NCT04409834,19054702
NCT04409834,4306576
NCT04324489,414638
NCT04324489,4189605
NCT04324489,4230543
NCT04324489,4306239
NCT04324489,409491
NCT04392778,4093906
NCT04361318,4326594
NCT04361318,4189605
NCT04342897,4078242
NCT04330144,4078242
NCT04330144,37016292
NCT04330144,4336683
NCT04330144,4120014
NCT04352465,414638
NCT04352465,4189605
NCT04417257,4013964
NCT04417257,414638
NCT04417257,4189605
NCT04340349,4049322
NCT04340349,4213477
NCT04413838,4313591
NCT04413838,45889912
NCT04413838,4039428
NCT04413838,4189605
NCT04413838,4250175
NCT04313127,15636
NCT04346368,37016292
NCT04346368,4189605
NCT04346368,4480642
NCT04353518,3006322
NCT04415151,43012761
NCT04415151,46271813
NCT04415151,45889912
NCT04415151,42739976
NCT04415151,4013251
NCT04415151,40487382
NCT04415151,4148615
NCT04415151,3198682
NCT04415151,4480642
NCT04415151,4336683
NCT04372082,4203757
NCT04372082,4239408
NCT04401579,4041531
NCT04401579,4189605
NCT04401579,4480642
NCT04401579,4336683
NCT04401579,4148615
NCT04401579,40487382
NCT04401579,434557
NCT04402957,43012761
NCT04402957,35803454
NCT04402957,4336683
NCT04402957,4189605
NCT04402957,414638
NCT04402957,35804324
NCT04411680,37397915
NCT04411680,4298431
NCT04349228,2212296
NCT04333225,4155231
NCT04400019,4216826
NCT04400019,4296653
NCT04400019,9394
NCT04331808,4148615
NCT04331808,4244232
NCT04331808,4039428
NCT04331808,4010408
NCT04331808,414638
NCT04383574,4239666
NCT04383574,440846
NCT04383574,3025085
NCT04389385,4233883
NCT04389385,37016292
NCT04389385,4189605
NCT04344431,4224504
NCT04344431,4096101
NCT04332835,4215562
NCT04332835,4213477
NCT04332835,37016292
NCT04348474,4008859
NCT04315896,4213477
NCT04329195,37397653
NCT04393051,2212296
NCT04393051,414638
NCT04393051,4189605
NCT04393051,3630868
NCT04393051,4039428
NCT04393051,45889912
NCT04392128,4310328
NCT04392128,4320302
NCT04392128,414638
NCT04392128,2212296
NCT04392128,9394
NCT04368377,4150345
NCT04368377,4296538
NCT04407507,4041531
NCT04407507,4094657
NCT04407507,4189605
NCT04428801,45882878
NCT04428801,4216826
NCT04347915,4189605
NCT04347915,414638
NCT04355936,4136257
NCT04355936,37392316
NCT04355936,4013964
NCT04376684,36684937
NCT04376684,4223299
NCT04376684,42739976
NCT04376684,434557
NCT04376684,4078242
NCT04376684,4094657
NCT04376684,4189605
NCT04376684,4041531
NCT04376684,4039428
NCT04376684,45889912
NCT04376684,4148615
NCT04376684,4480642
NCT04376684,4213477
NCT04368923,1112807
NCT04516915,43532213
NCT04516915,4267147
NCT04516915,4230543
NCT04516915,414638
NCT04516915,4171925
NCT04516915,4018181
NCT04516915,4480642
NCT04516915,37016292
NCT04526145,4326744
NCT04522986,36684937
NCT04523181,703443
NCT04523181,4310328
NCT04523181,4096101
NCT04523181,4012972
NCT04523181,4480642
NCT04523181,4041531
NCT04523181,4094657
NCT04523181,4189605
NCT04523181,37392316
NCT04523181,4230543
NCT04523181,4230543
NCT04523181,45889912
NCT04523181,4148615
NCT04523181,4039428
NCT04506229,43054915
NCT04497948,42739976
NCT04497948,35805046
NCT04492358,2212296
NCT04510402,36999716
NCT04532931,4313591
NCT04532931,4096101
NCT04532931,4301868
NCT04532931,4048496
NCT04532931,4008859
NCT04532931,37016292
NCT04532931,37397755
NCT04530474,4041531
NCT04530474,4094657
NCT04530474,4189605
NCT04526054,37311061
NCT04533360,4196134
NCT04525378,37016292
NCT04525378,4281995
NCT04542044,420021
NCT04542044,4313591
NCT04517630,4120014
NCT04524520,4064728
NCT04517162,4480642
NCT04517162,4336683
NCT04546841,4120014
NCT04546841,4254663
NCT04546841,4240345
NCT04546841,4041531
NCT04546841,41932474
NCT04546841,4213477
NCT04546841,4245997
NCT04546841,36237058
NCT04542408,4213477
NCT04512079,4126465
NCT04512079,4267147
NCT04512079,4306239
NCT04512079,3042436
NCT04512079,45889912
NCT04512079,4094448
NCT04502472,405697
NCT04502472,45889912
NCT04502472,4300197
NCT04502472,4120014
NCT04502472,4313591
NCT04502472,4096101
NCT04502472,44130248
NCT04502472,409491
NCT04500418,37392316
NCT04500418,4336683
NCT04500418,4228881
NCT04542330,4078242
NCT04497519,4064885
NCT04544176,37311061
NCT04531748,4216826
NCT04531748,4223299
NCT04531748,4189605
NCT04531748,414638
NCT04531748,4322628
NCT04531748,4480642
NCT04531748,4336683
NCT04531748,4313591
NCT04531748,4096101
NCT04519255,4198678
NCT04519255,45889912
NCT04519255,3630868
NCT04519255,4267147
NCT04519255,4230543
NCT04519255,2212296
NCT04500067,3198682
NCT04500067,4013964
NCT04500067,3594136
NCT04508985,4323433
NCT04508985,4336683
NCT04508985,42006374
NCT04508985,45879351
NCT04537975,40758873
NCT04537975,722871
NCT04537975,4041162
NCT04556513,4052083
NCT04515199,4309351
NCT04515199,4313591
NCT04522830,4310328
NCT04527575,4055811
NCT04527575,4064473
NCT04530396,4148615
NCT04530396,45889912
NCT04530396,4078242
NCT04499378,35936749
NCT04529408,4078865
NCT04527614,4169175
NCT04530422,4313591
NCT04530422,40762508
NCT04530422,4096101
NCT04530422,4353936
NCT04530422,37016292
NCT04530422,4189605
NCT04530422,4250175
NCT04540419,4152194
NCT04540419,415479
NCT04540419,45881236
NCT04540419,4024656
NCT04519372,40218805
NCT04523831,4041531
NCT04523831,4094657
NCT04523831,4189605
NCT04523831,19025274
NCT04539626,4322628
NCT04539626,2212333
NCT04551339,4160457
NCT04551339,40218805
NCT04492514,4148615
NCT04492514,4108582
NCT04492514,434557
NCT04492514,4296023
NCT04511819,409491
NCT04511819,4230543
NCT04511819,4213477
NCT04511819,4048496
NCT04510194,4480642
NCT04510194,4336683
NCT04510194,41932474
NCT04510194,414638
NCT04540120,434557
NCT04540120,42537612
NCT04540120,4078242
NCT04527562,4336683
NCT04545008,4336683
NCT04497389,19025274
NCT04497389,44364015
NCT04497389,45889912
NCT04497389,4223299
NCT04497389,37061515
NCT04497389,4098135
NCT04497389,414638
NCT04497389,4189605
NCT04523571,4008247
NCT04523571,4078242
NCT04523571,45878035
NCT04519502,4344627
NCT04522466,19124906
NCT04492501,44803512
NCT04536051,4120014
NCT04549636,415756
NCT04512118,37311061
NCT04492891,4136121
NCT04492891,41972523
NCT04492891,4189605
NCT04492891,4326744
NCT04492891,422482
NCT04558463,45769139
NCT04558463,414638
NCT04558463,4189605
NCT04558463,4480642
NCT04558463,4336683
NCT04558463,4013964
NCT04515147,4078242
NCT04549337,43012761
NCT04545749,4250175
NCT04545749,4099744
NCT04545749,434557
NCT04537351,37016292
NCT04537351,4245997
NCT04537351,4078242
NCT04539262,409491
NCT04505761,35605264
NCT04504734,46271813
NCT04504734,4041531
NCT04504734,4189605
NCT04504734,4480642
NCT04504734,4336683
NCT04504734,37055348
NCT04504734,37393856
NCT04504734,37394171
NCT04530578,4175016
NCT04530578,4267147
NCT04505631,4292196
NCT04505631,3008905
NCT04537949,4078242
NCT04537949,35923655
NCT04537949,405732
NCT04537949,4213477
NCT04521088,37311061
NCT04510207,4041878
NCT04510207,4302666
NCT04510207,1003314
NCT04510207,4336683
NCT04510207,4152194
NCT04510207,415479
NCT04510207,4055286
NCT04516564,4145308
NCT04516564,4326744
NCT04516564,4008099
NCT04516564,4236347
NCT04539873,4336683
NCT04539873,4041531
NCT04539873,4094657
NCT04539873,4189605
NCT04493359,4326744
NCT04517422,4245997
NCT04517422,37116827
NCT04491240,4224504
NCT04491240,36307821
NCT04491240,4148615
NCT04491240,4267147
NCT04491240,4303425
NCT04491240,4261867
NCT04491240,4223299
NCT04523246,40757745
NCT04523246,4064473
NCT04523246,37311061
NCT04523246,4245997
NCT04547140,4233883
NCT04547140,4064728
NCT04547140,4152194
NCT04547140,4041531
NCT04547140,4230543
NCT04547140,4480642
NCT04547140,4336683
NCT04547140,45889912
NCT04547140,4148615
NCT04547140,4267147
NCT04535674,37392316
NCT04508023,37311061
NCT04508023,4285602
NCT04508023,19049024
NCT04508023,4322628
NCT04508023,4231622
NCT04508023,37311061
NCT04498936,2212296
NCT04498936,37016292
NCT04513158,4313591
NCT04513158,4310328
NCT04535869,4049322
NCT04535869,4213477
NCT04535869,37111521
NCT04533347,4313591
NCT04533347,4096101
NCT04533347,4152194
NCT04533347,415479
NCT04533347,409491
NCT04494724,434557
NCT04494724,4041169
NCT04494724,4298431
NCT04494724,45889912
NCT04494724,2212643
NCT04494724,4267147
NCT04494724,4094657
NCT04494724,4189605
NCT04494724,4041531
NCT04536363,4326744
NCT04536363,4150345
NCT04536363,37109774
NCT04536363,4152194
NCT04536363,415479
NCT04536363,4239408
NCT04536363,4250175
NCT04536363,36305765
NCT04536363,45882227
NCT04530617,4233883
NCT04530617,37111521
NCT04530617,2212296
NCT04530617,37066487
NCT04525079,4240345
NCT04525079,4326744
NCT04525079,4239408
NCT04525079,4313591
NCT04525079,4302666
NCT04525079,42739976
NCT04549376,4480642
NCT04549376,4336683
NCT04534478,4152671
NCT04502368,4353936
NCT04502368,4245997
NCT04502368,40875
NCT04524052,4041161
NCT04507282,4213477
NCT04525443,36684938
NCT04525443,4120014
NCT04535063,36684937
NCT04491994,4281995
NCT04491994,4163872
NCT04498247,37393262
NCT04522089,4245997
NCT04522089,4181663
NCT04522089,4172077
NCT04526990,35912001
NCT04501796,2212761
NCT04501796,4480642
NCT04501796,4336683
NCT04501796,37392316
NCT04501796,4230543
NCT04501796,4313591
NCT04528771,4244279
NCT04528771,45889912
NCT04539795,4169506
NCT04539795,37392316
NCT04539795,45890528
NCT04539795,409974
NCT04539795,4230543
NCT04539795,4480642
NCT04539795,4148615
NCT04539795,37072713
NCT04539795,4048496
NCT04516941,2212296
NCT04542876,4041531
NCT04542876,4189605
NCT04542876,46270901
NCT04508556,4310328
NCT04508556,4064334
NCT04510662,21601823
NCT04510662,4152194
NCT04510662,415479
NCT04510662,4480642
NCT04510662,4336683
NCT04510662,4189605
NCT04510662,414638
NCT04510662,37016292
NCT04510662,403485
NCT04395430,37111521
NCT04551755,3010647
NCT04542993,4213477
NCT04542993,45890528
NCT04542993,4306239
NCT04519424,4148615
NCT04519424,43012761
NCT03474965,4215562
NCT03474965,412104
NCT04509999,37392316
NCT04513314,4116637
NCT04513314,4041531
NCT04513314,4094657
NCT04513314,4189605
NCT04513314,4148615
NCT04513314,4267147
NCT04513314,42739976
NCT04526717,37016292
NCT04526717,4189605
NCT04526717,409491
NCT04526717,4480642
NCT04555213,36716965
NCT04555213,4012972
NCT04555213,4094657
NCT04555213,4189605
NCT04555213,4041531
NCT04555213,4039428
NCT04533048,4165738
NCT04533048,4232915
NCT04533048,415479
NCT04533048,4302666
NCT04533048,45771331
NCT04533048,403485
NCT04533048,4041878
NCT04497623,4353936
NCT04497623,36684937
NCT04497623,4353713
NCT04497623,4139635
NCT04497623,40484652
NCT04551768,4326744
NCT04551768,45889912
NCT04551768,4030871
NCT04551768,4013886
NCT04532372,4152194
NCT04532372,415479
NCT04532372,4082463
NCT04532372,4078242
NCT04532372,4081164
NCT04532372,4253759
NCT04532372,4218446
NCT04527471,4041531
NCT04527471,4094657
NCT04527471,4189605
NCT04527471,2212296
NCT04527081,45771331
NCT04527081,4161294
NCT04527081,4196729
NCT04537299,4230543
NCT04537299,4189605
NCT04537299,4041531
NCT04537299,45889912
NCT04537299,4298431
NCT04537299,4267147
NCT04537299,4148615
NCT04537299,4254663
NCT04537299,4336683
NCT04537299,2212302
NCT04537299,4078242
NCT04148430,4055286
NCT04148430,43012761
NCT04548934,4302666
NCT04527133,4313591
NCT04527133,4302666
NCT04527133,3027946
NCT04497324,36684937
NCT04497324,4150345
NCT04555096,462737
NCT04527354,4152194
NCT04527354,415479
NCT04527354,4213477
NCT04527354,4211515
NCT04527354,414638
NCT04527354,4094657
NCT04527354,4189605
NCT04527354,4230543
NCT04527354,4155233
NCT04527354,4064764
NCT04498325,4233883
NCT04498325,2212761
NCT04498325,4121879
NCT04498325,2212333
NCT04498325,43012761
NCT04527497,37311061
NCT04513470,4405019
NCT04536090,372052
NCT04536090,4326744
NCT04536090,4267147
NCT04550390,403225
NCT04512027,4310328
NCT04512027,45771331
NCT04512027,43012761
NCT04512027,439937
NCT04512027,37397915
NCT04512027,4322628
NCT04541680,4135493
NCT04541680,2212296
NCT04541680,45766326
NCT04541680,4230543
NCT04541680,4211515
NCT04541680,4189605
NCT04541680,414638
NCT04541680,37016292
NCT04510493,4148615
NCT04528368,400997
NCT04528641,4057304
NCT04528641,9191
NCT04528641,4080396
NCT04530448,4055298
NCT04530604,4267147
NCT04530604,19054702
NCT04530604,4173006
NCT04530604,46273413
NCT04505098,4480642
NCT04530136,37016292
NCT04553705,4057316
NCT04553705,703439
NCT04545242,4233883
NCT04545242,4353713
NCT04545242,4353936
NCT04508075,4162526
NCT04508075,4302666
NCT04508075,4157263
NCT04508075,44795971
NCT04529460,37311061
NCT04550325,4480642
NCT04550325,4336683
NCT04550325,4228881
NCT04550325,4292196
NCT04524663,45882878
NCT04524663,4012972
NCT04524663,4078242
NCT04544033,434557
NCT04494646,4108582
NCT04494646,4336683
NCT04494646,414638
NCT04494646,4189605
NCT04552483,37016292
NCT04552483,4223299
NCT04495842,37311061
NCT04526912,36310723
NCT04526912,4078242
NCT04516837,4013964
NCT04516837,4230543
NCT04516837,4190899
NCT04492254,35805046
NCT04492254,4213477
NCT04532294,45878816
NCT04500626,37393262
NCT04537663,4078242
NCT04537663,434557
NCT04537663,4057955
NCT04521400,4172077
NCT04543760,4353936
NCT04511923,4175016
NCT04511923,4267147
NCT04511923,4074666
NCT04497311,35936749
NCT04551898,4310328
NCT04551898,4096101
NCT04551898,4353936
NCT04551898,4239408
NCT04490486,4233883
NCT04490486,4250175
NCT04490486,44809806
NCT04490486,4152194
NCT04490486,37016292
NCT04490486,37392316
NCT04490486,9394
NCT04490486,4218048
NCT04490486,4216826
NCT04490486,4039428
NCT04490486,4245261
NCT04542850,4041531
NCT04542850,4094657
NCT04542850,4189605
NCT04542850,2212296
NCT04558021,4213477
NCT04501783,4313591
NCT04501783,4096101
NCT04501783,44789315
NCT04501783,44789316
NCT04501783,4245997
NCT04501783,4189605
NCT04501783,414638
NCT04501783,4267147
NCT04494204,4405019
NCT04494204,4078242
NCT04497454,4353855
NCT04497454,4152194
NCT04497454,4150345
NCT04497454,4239408
NCT04497454,21601566
NCT04535856,42739976
NCT04534673,4012972
NCT04534673,4267147
NCT04534673,4298431
NCT04534673,4148615
NCT04534673,45889912
NCT04534673,372052
NCT04534673,414638
NCT04534673,4269845
NCT04534673,4306576
NCT04558125,134745
NCT04558125,41987878
NCT04558125,44789315
NCT04558125,4152194
NCT04558125,415479
NCT04558125,4267147
NCT04558125,4098135
NCT04558125,42035945
NCT04558125,4306239
NCT04492865,42023413
NCT04492865,4180938
NCT04528888,4267147
NCT04528888,19136048
NCT04528888,409491
NCT04528888,4250175
NCT04497298,43303
NCT04497298,4042412
NCT04497298,4055285
NCT04497298,4012972
NCT04523090,4099154
NCT04523090,4041878
NCT04504032,4310328
NCT04504032,4119522
NCT04504032,4267147
NCT04504032,3033607
NCT04551547,4239666
NCT04551547,440846
NCT04551547,4012972
NCT04551547,4298431
NCT04551547,45889912
NCT04551547,4267147
NCT04551547,4041531
NCT04551547,4094657
NCT04551547,4189605
NCT04551547,4230543
NCT04551547,4211845
NCT04551547,3025085
NCT04551547,4041878
NCT04514627,4052536
NCT04514627,414638
NCT04514627,4189605
NCT04514627,4148615
NCT04514627,4267147
NCT04514627,42739976
NCT04514627,4224504
NCT04530656,4055285
NCT04530656,4099313
NCT04530656,4298431
NCT04530656,4254663
NCT04530656,4148615
NCT04530656,45889912
NCT04530656,414638
NCT04530656,4263457
NCT04530656,4230543
NCT04530656,4245261
NCT04530656,4211845
NCT04530656,437038
NCT04547257,4148615
NCT04547257,4267147
NCT04547257,19136048
NCT04507256,403485
NCT04507256,1778262
NCT04507256,4078242
NCT04507256,528323
NCT04507256,4094657
NCT04507256,414638
NCT04507256,4013964
NCT04507256,45890528
NCT04507256,42109
NCT04507256,4244232
NCT04507256,4267147
NCT04507256,4198678
NCT04507256,4148615
NCT04530357,4302666
NCT04530357,4041878
NCT04530357,4039428
NCT04497987,40218805
NCT04545541,4175016
NCT04545541,4267147
NCT04545541,4250175
NCT04525404,4213477
NCT04527211,4245997
NCT04540393,40484652
NCT04540393,4081164
NCT04540393,409491
NCT04540185,4302666
NCT04540185,45763594
NCT04540185,4078242
NCT04495933,4165738
NCT04495933,45770407
NCT04495933,4012972
NCT04495933,4064473
NCT04495933,4165738
NCT04495933,4131386
NCT04495933,37311061
NCT04495933,40483773
NCT04495933,409491
NCT04495933,37203926
NCT04559035,4064473
NCT04528927,4213477
NCT04528927,4216826
NCT04533399,45771331
NCT04558424,409491
NCT04542694,4189605
NCT04542694,414638
NCT04542694,4230543
NCT04542694,2212296
NCT04542694,45766326
NCT04514900,37111521
NCT04514900,4099154
NCT04529499,36716965
NCT04529499,4041531
NCT04529499,4094657
NCT04529499,4189605
NCT04529499,4302315
NCT04520880,4120014
NCT00571389,4120014
NCT00571389,3704007
NCT04493242,438878
NCT04493242,4306239
NCT04493242,443919
NCT04493242,4233883
NCT04517006,4057768
NCT04550351,1003314
NCT04550351,4152194
NCT04550351,415479
NCT04550351,4078242
NCT04550351,4041878
NCT04502433,37111521
NCT04502433,4336683
NCT04509973,37398643
NCT04492475,4480642
NCT04492475,4336683
NCT04492475,4041531
NCT04492475,4094657
NCT04492475,4189605
NCT04492475,4212899
NCT04492475,4267147
NCT04499677,4189605
NCT04499677,414638
NCT04499677,4336683
NCT04499677,4215562
NCT04025580,4132152
NCT04025580,4253759
NCT04025580,37072336
NCT04025580,2212883
NCT04025580,528323
NCT04025580,36714753
NCT04025580,4245997
NCT04025580,4055286
NCT04498299,4006971
NCT04498299,4245997
NCT04515108,432969
NCT04498377,434557
NCT04498377,4013991
NCT04498377,4267147
NCT04527224,4233883
NCT04527224,4136494
NCT04534608,36311175
NCT04517123,4245997
NCT04517123,4150345
NCT04554992,4128938
NCT04509947,4296023
NCT04509947,45771331
NCT04520620,2212296
NCT04520620,45766326
NCT04520620,19136048
NCT04520620,35805046
NCT04520620,4039519
NCT04495101,4233883
NCT04495101,4064728
NCT04511650,4152194
NCT04511650,4041531
NCT04511650,4094657
NCT04511650,4189605
NCT04511650,4230543
NCT04511650,4480642
NCT04558450,4099958
NCT04517396,4480642
NCT04517396,4336683
NCT04517396,1551803
NCT04519125,4302666
NCT04519125,35936749
NCT04519125,414638
NCT04519125,4189605
NCT04519125,45889912
NCT04519125,4336683
NCT04519125,37392179
NCT04519125,1524674
NCT04534725,2212296
NCT04534725,4189605
NCT04534725,4041531
