covidtrialID,procedureOMOPID
NCT04458948,706637
NCT04338100,4172438
NCT04425031,19025274
NCT04425031,3701751
NCT04425031,45875989
NCT04425031,4327748
NCT04418193,4163951
NCT04374045,4163951
NCT04374045,4202832
NCT04447469,19025274
NCT04447469,4052536
NCT04447469,4163951
NCT04424849,42873024
NCT04424849,407374
NCT04384250,4314777
NCT04386044,4046792
NCT04386044,4208341
NCT04451174,19025274
NCT04360811,429725
NCT04397796,4202832
NCT04363749,38003159
NCT04363749,4130819
NCT04470609,4144375
NCT04470609,4132855
NCT04470609,4144375
NCT04470609,420705
NCT04470609,4190432
NCT04470609,4314777
NCT04470609,4240345
NCT04470609,2149843
NCT04386083,4163872
NCT04470583,4273629
NCT04340466,4300757
NCT04327505,407374
NCT04449783,3020812
NCT04429555,4202832
NCT04429555,706637
NCT04468386,40973
NCT04360551,706637
NCT04411784,4013731
NCT04432870,937652
NCT04472052,419819
NCT04355754,45768197
NCT04327180,42537894
NCT04365608,4202832
NCT04365608,4103523
NCT04365166,45875989
NCT04365166,4028623
NCT04365166,4314777
NCT04365166,4273629
NCT04466241,4163951
NCT04375709,45768197
NCT04380779,4052536
NCT04350086,36310218
NCT04445194,4240345
NCT04445194,4144375
NCT04445194,4144375
NCT04445194,4021316
NCT04445194,4211641
NCT04445194,4125482
NCT04427137,45768178
NCT04427137,4106154
NCT04427137,45881689
NCT04427137,4234743
NCT04427137,4053938
NCT04335279,4254477
NCT04456361,35622675
NCT04397666,19025274
NCT04392219,4144375
NCT04408391,19025274
NCT04408391,4013636
NCT04408391,4000891
NCT04342104,19025274
NCT04463602,706637
NCT04463602,19025274
NCT04388631,4242804
NCT04368975,4202832
NCT04411563,35804199
NCT04411563,4314777
NCT04438239,44803204
NCT04445207,4182536
NCT04323644,407374
NCT04423289,4222885
NCT04469114,19025274
NCT04469114,4052536
NCT04469114,4180938
NCT04469114,4027509
NCT04452435,4049795
NCT04452435,19025274
NCT04452435,4004519
NCT04452643,4019381
NCT04385823,4202832
NCT04412551,4172438
NCT04412551,706637
NCT04412551,36310597
NCT04468971,4240345
NCT04468971,4052536
NCT04468971,4202832
NCT04453371,429498
NCT04320511,36308558
NCT04320511,19025274
NCT04320511,2790297
NCT04320511,4146276
NCT04406181,429498
NCT04339998,36310597
NCT04358588,45768197
NCT04358588,4165535
NCT04358588,4168133
NCT04463264,19025274
NCT04445246,19025274
NCT04472728,19025274
NCT04472728,4052536
NCT04472728,4139525
NCT04472728,706637
NCT04472728,2149843
NCT04403607,4228886
NCT04420338,4144375
NCT04401449,4013636
NCT04401449,4032404
NCT04401449,4180938
NCT04401449,19025274
NCT04373200,19025274
NCT04422353,4121697
NCT04422353,4046932
NCT04422353,36310218
NCT04374370,4182536
NCT04449042,4202832
NCT04449042,4013354
NCT04459286,19025274
NCT04462848,4182536
NCT04368208,4239471
NCT04401150,44791135
NCT04401150,19025274
NCT04401150,19025274
NCT04346277,4202832
NCT04346277,37018292
NCT04346277,4208341
NCT04391686,4202832
NCT04391686,4146903
NCT04391686,4217482
NCT04472611,4202832
NCT04379453,4300185
NCT04379453,457668
NCT04379453,4017169
NCT04380792,4052536
NCT04424082,4052536
NCT04327804,44790257
NCT04327804,4273629
NCT04412369,45758235
NCT04461379,4273629
NCT04461379,4173939
NCT04461379,4144375
NCT04472793,4144375
NCT04456595,4240345
NCT04456595,4144375
NCT04456595,4314777
NCT04456595,4220084
NCT04456595,4300185
NCT04456595,4021316
NCT04456595,4132855
NCT04456595,42538189
NCT04337489,4302042
NCT04353596,19025274
NCT04406688,4021976
NCT04418544,4168133
NCT04418544,30753
NCT04418544,4220084
NCT04442048,4028623
NCT04442048,4273629
NCT04379531,22492
NCT04379531,44803204
NCT04468256,421613
NCT04468256,36310793
NCT04461925,19025274
NCT04445389,4059766
NCT04445389,4144375
NCT04460183,4139525
NCT04460183,44791135
NCT04460183,4168133
NCT04341480,4300757
NCT04406233,19025274
NCT04467918,4302259
NCT04458519,4273629
NCT04458519,4208341
NCT04458519,4027509
NCT04447131,19025274
NCT04444674,4144375
NCT04444674,4144375
NCT04444674,42538189
NCT04366830,4052536
NCT04366830,423913
NCT04324866,4314777
NCT04456088,4165535
NCT04456088,4202832
NCT04456088,19025274
NCT04456088,4168133
NCT04439006,19025274
NCT04439006,42537894
NCT04439006,45882769
NCT04439006,2149843
NCT04360278,4273629
NCT04360278,4182536
NCT04360278,4148431
NCT04360278,4300185
NCT04410471,4273629
NCT04452474,4059029
NCT04459676,4240345
NCT04459676,412012
NCT04459676,4324124
NCT04380870,4216339
NCT04374617,4052536
NCT04448119,4027509
NCT04466683,19025274
NCT04466683,37395712
NCT04466683,4029715
NCT04466683,4172438
NCT04466683,4141762
NCT04466683,4028623
NCT04466683,4208341
NCT04466683,4314777
NCT04465513,36308581
NCT04368143,4114508
NCT04370678,44791137
NCT04389333,4234106
NCT04389333,36310218
NCT04460105,19025274
NCT04460105,4052536
NCT04460105,19006871
NCT04460105,429709
NCT04460105,36308581
NCT04404192,44790257
NCT04404192,4163951
NCT04404192,4240345
NCT04453488,4208341
NCT04453488,4028623
NCT04453488,4144375
NCT04359706,408573
NCT04359706,4273629
NCT04359706,4028623
NCT04359706,3720434
NCT04414059,4202832
NCT04470999,4220084
NCT04455958,42742412
NCT04474340,19025274
NCT04474340,4202832
NCT04461353,4222885
NCT04461353,4240345
NCT04473352,35917007
NCT04473352,4330583
NCT04486729,4049641
NCT04464460,19025274
NCT04464460,19006871
NCT04483635,4144375
NCT03808922,4300185
NCT03808922,4019433
NCT03808922,4165535
NCT03852537,4300821
NCT03852537,4208341
NCT04475575,36308581
NCT04353245,19025274
NCT04346940,36310218
NCT04368832,429725
NCT04474483,706637
NCT04193878,4202832
NCT04193878,19025274
NCT04477668,4202832
NCT04477668,4168133
NCT04477668,19006871
NCT04447781,4132855
NCT04447781,4028623
NCT04447781,42538189
NCT04447781,36310218
NCT04447781,4234106
NCT04447781,40760199
NCT04487964,19025274
NCT04480606,36310218
NCT04475601,19025274
NCT04467112,4338837
NCT04467112,4311405
NCT04329897,40492529
NCT04487210,429709
NCT04487210,4144375
NCT04487210,42538189
NCT04487210,4144375
NCT04487210,4028623
NCT04487210,4314777
NCT04487210,42537894
NCT04487210,4220084
NCT04487210,4293435
NCT04487210,2313845
NCT04473183,4245372
NCT04476953,19025274
NCT04476953,45878735
NCT04476953,45878735
NCT03331445,36308581
NCT03331445,4027509
NCT04482621,4273629
NCT04278404,706637
NCT04278404,36310842
NCT04278404,45876308
NCT04344665,45878057
NCT04344665,45878057
NCT04439825,42538189
NCT04480593,4300185
NCT04480593,4242843
NCT04483908,4273629
NCT04406194,4256632
NCT04475562,36308581
NCT04400682,4256632
NCT04456933,706637
NCT04456933,4166767
NCT04467086,19006871
NCT04479358,19025274
NCT04479358,19006871
NCT04479358,4028623
NCT04479358,4208341
NCT04476979,4144375
NCT04476680,45875989
NCT04476680,4273629
NCT04476680,4029715
NCT04476680,4029715
NCT04476680,4092441
NCT04476680,45876308
NCT04473053,706637
NCT04480333,4144375
NCT04480333,4027509
NCT04482387,4108471
NCT04316949,19025274
NCT04447404,4324124
NCT04473131,4273629
NCT04473131,4028623
NCT04475107,45768197
NCT04475107,19025274
NCT04475107,19025274
NCT04475107,4052536
NCT04475107,706637
NCT04475107,4300185
NCT04475107,4027509
NCT04475107,42538189
NCT04475107,45766058
NCT04475107,4330583
NCT04475107,4117038
NCT04483960,4177224
NCT04483960,19025274
NCT04483960,4165535
NCT04483960,4182536
NCT04481685,4202832
NCT04481685,45768197
NCT04487574,44803204
NCT04487574,407374
NCT04487574,4300185
NCT04487574,4314777
NCT04487574,4144375
NCT04487574,19025274
NCT04487574,4052536
NCT04487886,19025274
NCT04487886,4202832
NCT04487886,4019433
NCT04487886,4311405
NCT04487886,4127886
NCT04487886,429799
NCT04487886,40973
NCT04480424,35622675
NCT04475991,4300185
NCT04476589,2616731
NCT04476589,4338837
NCT04476589,4300037
NCT04476589,430094
NCT04476589,36717612
NCT04476589,46270117
NCT04476589,4293435
NCT04476589,41993163
NCT04476589,45758369
NCT04487444,19025274
NCT04487444,4141762
NCT04487444,4028623
NCT04482699,412012
NCT04482699,706637
NCT04482699,4027509
NCT04482699,42538189
NCT04482699,4300037
NCT04482699,4117038
NCT04482699,4330583
NCT04482699,4327748
NCT04482699,4208341
NCT04482699,35622675
NCT04487769,4052536
NCT04473300,45763727
NCT04477993,19025274
NCT04489446,19025274
NCT04473690,706637
NCT04473690,4144375
NCT04473690,4144375
NCT04473690,40973
NCT04473690,4027509
NCT04473690,4127886
NCT04473690,4117038
NCT04485130,45772372
NCT04485130,4273629
NCT04441047,4314777
NCT04441047,45875989
NCT04441047,42538189
NCT04441047,4313306
NCT04441047,4240345
NCT04441047,851
NCT04479540,4299523
NCT04479540,42538189
NCT04482647,21499495
NCT04407000,4256632
NCT04474236,4180938
NCT04475302,4300185
NCT04473157,4127485
NCT04395508,42538189
NCT04395508,2109368
NCT04395508,42537894
NCT04486001,4202832
NCT04486001,45768197
NCT04486001,4202832
NCT04473170,45875989
NCT04473170,4314777
NCT04290858,4168133
NCT04488575,19025274
NCT04488575,4165535
NCT04488575,19025274
NCT04488575,706386
NCT04444986,4256632
NCT04481620,42538189
NCT04481620,407374
NCT03891420,4144375
NCT03891420,4220084
NCT03891420,35625639
NCT03891420,4027509
NCT03891420,4211641
NCT03891420,4163872
NCT03891420,4300757
NCT03891420,4300757
NCT03891420,37018292
NCT03891420,412012
NCT03891420,4324124
NCT03891420,19025274
NCT03891420,4052536
NCT04401033,36310597
NCT04401033,4314001
NCT04482712,4180938
NCT04477954,19025274
NCT04346979,36310218
NCT04480138,706637
NCT03376854,9489
NCT03376854,36309413
NCT03376854,4300185
NCT04478071,19025274
NCT04478071,4208341
NCT04476719,4256632
NCT04475068,45763727
NCT04475068,4327582
NCT04475068,19025274
NCT04488081,4139525
NCT04488081,45768197
NCT03963622,19025274
NCT03963622,4052536
NCT04460599,4013636
NCT04483375,4144375
NCT04483375,42537894
NCT04483375,45766058
NCT04483375,429498
NCT04485429,4202832
NCT04485429,412012
NCT04477655,19025274
NCT04481646,45772392
NCT04482595,4029715
NCT04482595,4163951
NCT04475185,19025274
NCT04386876,8568
NCT04386876,4256632
NCT04479150,44803204
NCT04452318,4240345
NCT04452318,4144375
NCT04486313,4314777
NCT04486313,4028623
NCT04486313,4029715
NCT04486313,3002644
NCT04486313,3002644
NCT04486313,4144375
NCT04476992,4168133
NCT04476992,4202832
NCT04476992,19006871
NCT04476992,706637
NCT01306084,4161019
NCT02765191,4013636
NCT02765191,4328023
NCT02765191,36310218
NCT04476667,4327941
NCT04447833,45883113
NCT04447833,3701751
NCT04447833,4337138
NCT04475120,19025274
NCT03648372,4029715
NCT03648372,4220084
NCT03648372,19025274
NCT03648372,35807508
NCT03648372,4027509
NCT04480957,4019381
NCT04424212,4576757
NCT04480034,4058848
NCT04402970,19025274
NCT04331834,4163951
NCT04400032,36308029
NCT04400032,3701751
NCT04400032,4337138
NCT04348656,4202832
NCT04348656,4202832
NCT04348656,4182536
NCT04393038,4177224
NCT04393038,4273629
NCT04393038,4220084
NCT04391309,4202832
NCT04391309,19025274
NCT04391309,37018292
NCT04391309,4208341
NCT04336410,4144375
NCT04336410,4028623
NCT04336410,42538189
NCT04336410,4240345
NCT04268537,423913
NCT04268537,4029715
NCT04268537,4273629
NCT04268537,45882935
NCT04343144,4208341
NCT04343144,4028623
NCT04343144,19025274
NCT04343144,4052536
NCT04342156,35807403
NCT04342156,3002644
NCT04308317,706637
NCT04292899,19025274
NCT04292899,45878735
NCT04292899,45878735
NCT04342728,4300185
NCT04405271,412012
NCT04341688,4202832
NCT04341688,4029715
NCT04341688,4273629
NCT04335136,4337138
NCT04335136,36310721
NCT04335136,4324124
NCT04335136,4273629
NCT04335136,45875989
NCT04384549,4019381
NCT04363502,4027509
NCT04385849,36308581
NCT04419025,36308581
NCT04401475,19025274
NCT04401475,4052536
NCT04401475,4273629
NCT04401475,851
NCT04380961,19025274
NCT04380961,429709
NCT04380961,429709
NCT04380961,36308581
NCT04380961,19025274
NCT04380961,4324124
NCT04380961,412012
NCT04377997,4052536
NCT04377334,19025274
NCT04377334,4230911
NCT04395170,706637
NCT04395170,19025274
NCT04390191,4165535
NCT04390191,4033232
NCT04347174,706637
NCT04397692,4165535
NCT04397692,4202832
NCT04397692,19025274
NCT04397692,4168133
NCT04397692,4337138
NCT04283461,4144375
NCT04283461,36310793
NCT04283461,4144375
NCT04283461,4273629
NCT04283461,438028
NCT04283461,3186744
NCT04283461,45762562
NCT04283461,42538189
NCT04283461,4021326
NCT04283461,4021316
NCT04283461,4215685
NCT04283461,4127886
NCT04283461,429799
NCT04283461,4117038
NCT04283461,4027509
NCT04283461,36308581
NCT04371406,423913
NCT04371406,4099958
NCT04408040,4182536
NCT04288102,19025274
NCT04288102,427417
NCT04435184,3701751
NCT04435184,19025274
NCT04352985,19006871
NCT04352985,4327582
NCT04352985,4021976
NCT04352985,4182536
NCT04352985,423232
NCT04412252,19025274
NCT04412252,19025274
NCT04412252,4052536
NCT04412252,4180938
NCT04383613,19025274
NCT04383613,21499495
NCT04383613,4165535
NCT04383613,4147975
NCT04383613,38003159
NCT04275414,37018292
NCT04275414,412012
NCT04275414,4324124
NCT04275414,42537894
NCT04275414,407708
NCT04354389,4019433
NCT04354389,4165535
NCT04354389,36308581
NCT04355247,2002711
NCT04355247,407374
NCT04402203,35918744
NCT04370262,4180938
NCT04370262,706637
NCT04370262,4083156
NCT04344951,4163951
NCT04391101,4182536
NCT04341441,40483096
NCT04341441,706637
NCT04407390,423913
NCT04439071,706637
NCT04439071,4330583
NCT04365257,36310793
NCT04365257,36308581
NCT04365257,36308581
NCT04343989,4027509
NCT04425252,4240345
NCT04425252,4013354
NCT04425252,19025274
NCT04425252,4139525
NCT04425252,40486624
NCT04425252,4052536
NCT04323332,19025274
NCT04381923,4168133
NCT04381923,4202832
NCT04381923,4013354
NCT04352608,4144375
NCT04352608,4030107
NCT04352608,4125482
NCT04352608,4314777
NCT04352608,4240345
NCT04352608,4144375
NCT04364815,4163951
NCT04299152,4163951
NCT04299152,4242843
NCT04299152,4273629
NCT04299152,221326
NCT04407689,4027509
NCT04407689,4273629
NCT04407689,4208341
NCT04407689,4144375
NCT04334512,4062354
NCT04334512,4207158
NCT04334512,320536
NCT04295551,45875989
NCT04411628,19025274
NCT04341870,19025274
NCT04373291,4208341
NCT04373291,4028623
NCT04373291,4273629
NCT04353271,706637
NCT04353271,4273629
NCT04353271,4220084
NCT04353271,4208341
NCT04348500,19025274
NCT04348500,4052536
NCT04442178,4273629
NCT04442178,4208341
NCT04353128,412012
NCT04341389,42538189
NCT04341389,4144375
NCT04341389,4021316
NCT04359095,4059029
NCT04360096,45768197
NCT04360096,3186744
NCT04360096,4300185
NCT04358549,4273629
NCT04358549,412012
NCT04421391,4307649
NCT04345289,4273629
NCT04345289,851
NCT04397562,19025274
NCT04397562,4013354
NCT04406389,4041193
NCT04406389,4215132
NCT04406389,36712821
NCT04389671,36309413
NCT04389671,4300185
NCT04389671,19006871
NCT04333420,4028623
NCT04356677,19025274
NCT04434248,321109
NCT04434248,37018292
NCT04434248,412012
NCT04434248,4324124
NCT04434248,4273629
NCT04434248,4115464
NCT04328467,706637
NCT04348370,4208341
NCT04348370,4028623
NCT04348370,4273629
NCT04348370,44789362
NCT04354428,706637
NCT04402879,19025274
NCT04393311,19025274
NCT04393311,4052536
NCT04382755,19025274
NCT04382755,4058335
NCT04409509,4202832
NCT04409509,19025274
NCT04409509,4052536
NCT04409509,37018292
NCT04409509,4311405
NCT04392973,706637
NCT04392973,4205779
NCT04392973,4314777
NCT04380935,412012
NCT04401410,19025274
NCT04401410,35622675
NCT04355897,45875989
NCT04355897,4182536
NCT04347954,4127485
NCT04347954,4202832
NCT04453891,42742443
NCT04386720,4052536
NCT04386720,21601566
NCT04386720,3174501
NCT04386720,36310218
NCT04441489,19025274
NCT04338347,4052536
NCT04445467,706637
NCT04448782,19025274
NCT04400838,4144375
NCT04400838,4144375
NCT04400838,42538189
NCT04356443,4202832
NCT04356443,36308581
NCT04356443,36309413
NCT04323878,4202832
NCT04392323,35625639
NCT04335851,4222885
NCT04456075,19025274
NCT04375501,4205566
NCT04452669,4052536
NCT04287686,19025274
NCT04287686,4052536
NCT04371744,36310218
NCT04433312,1314425
NCT04453527,4156184
NCT04449588,19025274
NCT04449588,4276025
NCT04449588,4028623
NCT04408222,4202832
NCT04443868,4168133
NCT04443868,4217829
NCT04439045,4295112
NCT04469621,45768197
NCT04448756,19025274
NCT04448756,4052536
NCT04436458,19025274
NCT04413071,4127998
NCT04413071,36311126
NCT04363593,4058335
NCT04374084,19025274
NCT04400929,36308581
NCT04400929,19025274
NCT04435379,4208341
NCT04435379,4028623
NCT04435379,4273629
NCT04435379,4029715
NCT04371510,4324124
NCT04371510,419165
NCT04323761,706637
NCT04323761,4052537
NCT04323761,4052536
NCT04458363,35622675
NCT04381351,36310842
NCT04381351,706637
NCT04381351,4021976
NCT04427332,42593483
NCT04470531,19025274
NCT04346342,19025274
NCT04435457,4106548
NCT04435457,412009
NCT04470622,4139525
NCT04470622,40486624
NCT04470622,4052536
NCT04470622,19025274
NCT04463420,4273629
NCT04359836,706386
NCT04359836,4096461
NCT04359836,4017599
NCT04347928,19025274
NCT04347928,4052536
NCT04434261,1314425
NCT04344587,4024127
NCT04344587,4100637
NCT04344587,764537
NCT04467840,4202832
NCT04467840,19025274
NCT04467840,4163951
NCT04365322,4314777
NCT04365322,9489
NCT04365322,4028623
NCT04365322,4208341
NCT04365322,4273629
NCT04382781,19025274
NCT04443725,4028623
NCT04456452,4300185
NCT04356560,35608102
NCT04397705,4029715
NCT04397705,4187078
NCT04397705,36310218
NCT04369274,19006871
NCT04369274,4163951
NCT04450004,4240345
NCT04450004,4144375
NCT04450004,4024656
NCT04450004,4132855
NCT04450004,4293435
NCT04450004,42538189
NCT04450004,4027509
NCT04459702,320536
NCT04459702,4307649
NCT04449718,19025274
NCT04449718,706637
NCT04399252,4085116
NCT04425720,35608097
NCT04378686,706637
NCT04371978,19025274
NCT04371978,19006871
NCT04371978,21498379
NCT04451889,4032404
NCT04408001,4273629
NCT04461340,4310328
NCT04352634,4193507
NCT04354714,4182536
NCT04383457,429709
NCT04435106,4163951
NCT04350736,320536
NCT04350736,4240345
NCT04445337,4237289
NCT04445337,4052536
NCT04445337,19025274
NCT04251767,4024656
NCT04251767,412012
NCT04338568,36310597
NCT04338568,407374
NCT04338568,4163872
NCT04341610,4303257
NCT04341610,42538189
NCT04470297,4180938
NCT04363606,4013636
NCT04355507,407374
NCT04397900,4132738
NCT04377724,4180039
NCT04452565,19025274
NCT04452565,4163951
NCT04452565,4273629
NCT04452565,706637
NCT04444700,45768197
NCT04444700,19025274
NCT04357574,37016659
NCT04357574,4029715
NCT04400799,4273629
NCT04400799,4029715
NCT04400799,4182536
NCT04400799,44803204
NCT04400799,4322976
NCT04400799,44782967
NCT04372680,4168133
NCT04372680,19025274
NCT04443881,4013354
NCT04443881,19025274
NCT04443881,37018292
NCT04443881,412012
NCT04443881,4324124
NCT04466098,36308581
NCT04466098,706637
NCT04466098,35622675
NCT04392869,4327941
NCT04455815,4059029
NCT04455815,4027509
NCT04455815,4027509
NCT04455815,4271686
NCT04455815,45882909
NCT04455815,4152025
NCT04446377,36308581
NCT04446377,320536
NCT04446377,4121236
NCT04446377,4208341
NCT04446377,4314777
NCT04446377,4027509
NCT04446377,4271686
NCT04420364,19025274
NCT04420364,4311405
NCT04456413,4064863
NCT04456413,36308581
NCT04456413,4242843
NCT04458298,423913
NCT04458298,19025274
NCT04458298,4177224
NCT04458298,4168133
NCT04458298,4052536
NCT04458298,4146536
NCT04470427,4144375
NCT04470427,42538189
NCT04470427,4132738
NCT04388644,4216339
NCT04425915,4324124
NCT04386369,4052536
NCT04399109,4222885
NCT04459975,706637
NCT04430062,4202832
NCT04376476,4314777
NCT04376476,4125482
NCT04459247,19025274
NCT04468958,36308581
NCT04468958,4099958
NCT04468958,706637
NCT04382469,4300757
NCT04463004,19025274
NCT04463004,4028623
NCT04463004,4141762
NCT04463004,37018292
NCT04463004,4144375
NCT04463004,4314777
NCT04463004,4027509
NCT04463004,45882909
NCT04463004,4152025
NCT04463004,429799
NCT04463004,4306298
NCT04463004,4027509
NCT04463004,42872855
NCT04463004,4027509
NCT04351711,45768197
NCT04306705,706637
NCT04465695,4144375
NCT04468087,19025274
NCT04468087,4163951
NCT04464408,706637
NCT04464408,4205779
NCT04433039,4300757
NCT04452097,37018292
NCT04452097,412012
NCT04452097,4324124
NCT04452097,4027509
NCT04452097,35622675
NCT04452097,45766058
NCT04376879,4202832
NCT04445259,4021976
NCT04445259,706637
NCT04445259,43021422
NCT04459325,19025274
NCT04459325,4027509
NCT04453839,4052536
NCT04340219,4273629
NCT04369807,36310218
NCT04369807,4234106
NCT04369807,46270117
NCT04369807,4293435
NCT04436276,706637
NCT04436276,4144375
NCT04349618,4052536
NCT04349618,19025274
NCT04349618,4028623
NCT04451291,4052536
NCT04451291,4202832
NCT04451291,4300185
NCT04463472,4144375
NCT04463472,4330583
NCT04463472,4117038
NCT04463472,4021326
NCT04463472,4021316
NCT04408248,706637
NCT04408248,36310842
NCT04351243,4202832
NCT04351243,4050864
NCT04351243,706637
NCT04351243,36308581
NCT04351243,423913
NCT04351243,19025274
NCT04459533,4052536
NCT04409743,4059951
NCT04399005,4058335
NCT04399005,407374
NCT04293692,45875989
NCT04358536,4300757
NCT04452773,4144375
NCT04452773,4208341
NCT04452773,4028623
NCT04359407,36310218
NCT04359407,4152946
NCT04359407,4252365
NCT04424355,22492
NCT04449276,4144375
NCT04449276,4144375
NCT04449276,4240345
NCT04449276,42538189
NCT04464395,19025274
NCT04464395,19025274
NCT04464395,4165535
NCT04472494,19025274
NCT04422626,4052536
NCT04422626,4202832
NCT04453384,19025274
NCT04453384,4052536
NCT04453384,4182536
NCT04371926,19025274
NCT04371926,4052536
NCT04371926,4163951
NCT04312100,706637
NCT04312100,45882769
NCT04312100,4029715
NCT04312100,4273629
NCT04369456,4300185
NCT04369456,419165
NCT04362865,4141762
NCT04298814,4013354
NCT04448054,36308824
NCT04403880,4144375
NCT04403880,4127886
NCT04403880,429799
NCT04409925,19025274
NCT04441372,36308581
NCT04384965,45768178
NCT04384965,4106154
NCT04384965,45881689
NCT04384965,4234743
NCT04384965,4053938
NCT04377685,4300757
NCT04377685,42873024
NCT04387409,4208341
NCT04387409,4028623
NCT04387409,4273629
NCT04387409,4029715
NCT04387409,44789362
NCT04454307,706637
NCT04344977,4144375
NCT04393155,45882769
NCT04452708,44791135
NCT04366141,4033232
NCT04320953,21499495
NCT04320953,35608097
NCT04320953,4112122
NCT04320953,4228886
NCT04316884,706637
NCT04344015,4132738
NCT04435353,35608097
NCT04457349,19006871
NCT04307459,19025274
NCT04307459,4165535
NCT04391829,4164521
NCT04374474,35916704
NCT04469179,36308581
NCT04469179,4099958
NCT04469179,706637
NCT04405544,4220084
NCT04407663,4240345
NCT04407663,429709
NCT04357340,4202832
NCT04341415,423913
NCT04341415,36307523
NCT04419623,45768197
NCT04419623,4220084
NCT04356495,38003159
NCT04356495,706637
NCT04347980,4092441
NCT04347980,4208341
NCT04369599,36712821
NCT04361461,4163951
NCT04342169,4092441
NCT04342169,4208341
NCT04342169,4324124
NCT04342169,37018292
NCT04264533,4168133
NCT04264533,423913
NCT04412395,19025274
NCT04412395,4273629
NCT04382586,19025274
NCT04382586,45882769
NCT04359654,19025274
NCT04344379,44810376
NCT04355637,4139525
NCT04355637,19025274
NCT04329572,45883741
NCT04329572,4098033
NCT04329572,1710612
NCT04374461,19025274
NCT04378712,19025274
NCT04276688,4144375
NCT04388514,4211641
NCT04391179,19025274
NCT04391179,4240345
NCT04331665,19025274
NCT04331665,19025274
NCT04331665,36308581
NCT04349241,4310328
NCT04310865,19025274
NCT04310228,19025274
NCT04310228,45875989
NCT04310228,4027509
NCT04310228,4302259
NCT04322123,36308581
NCT04322123,19025274
NCT04322123,19025274
NCT04420390,4220084
NCT04362813,4202832
NCT04362813,19025274
NCT04343183,412012
NCT04432766,706637
NCT04432766,4027509
NCT04432766,4027509
NCT04431466,4163951
NCT04360837,45882769
NCT04360837,19006871
NCT04359862,4273629
NCT04406064,35622675
NCT04401202,706637
NCT04410159,4300757
NCT04410159,407374
NCT04359329,4202832
NCT04332380,4301351
NCT04332380,4029715
NCT04332380,4273629
NCT04308668,706637
NCT04382625,706637
NCT04427566,4220084
NCT04427566,36308581
NCT04312009,706637
NCT04372602,4182536
NCT04251871,19025274
NCT04421027,44783513
NCT04421027,4021326
NCT04421027,4052536
NCT04421027,4140369
NCT04375124,4182536
NCT04312997,4215685
NCT04363346,40482644
NCT04363346,4314777
NCT04370015,3002644
NCT04362332,45768197
NCT04425733,19025274
NCT04425733,19025274
NCT04425733,4146536
NCT04416048,4182536
NCT04416048,44803204
NCT04416048,4322976
NCT04416048,42537894
NCT04416048,4311405
NCT04416048,4228759
NCT04416048,407374
NCT04416048,4013636
NCT04416048,42539565
NCT04416048,44782967
NCT04405076,3186744
NCT04405076,4144375
NCT04405076,42538189
NCT04405076,4132738
NCT04405076,4144375
NCT04405076,40973
NCT04405076,4027509
NCT04435808,4144375
NCT04276896,4232629
NCT04324021,19025274
NCT04324021,37018292
NCT04324021,412012
NCT04324021,4324124
NCT04327401,4141762
NCT04396106,4211641
NCT04346628,44784322
NCT04346628,35807403
NCT04346628,4273629
NCT04357457,4013354
NCT04364763,706637
NCT04360356,706637
NCT04434131,4052536
NCT04359901,19025274
NCT04359901,46235181
NCT04359901,36308581
NCT04359901,4163872
NCT04319900,19025274
NCT04319900,4106628
NCT04355962,45875989
NCT04332094,706637
NCT04332094,3186744
NCT04398290,36308581
NCT04398290,4168133
NCT04398290,706637
NCT04398290,2103774
NCT04423861,45883741
NCT04363203,706637
NCT04363203,4099958
NCT04363203,4163951
NCT04370782,36308581
NCT04370782,4220084
NCT04323592,45875989
NCT04323592,706637
NCT04323592,4072513
NCT04330638,19025274
NCT04330638,4027509
NCT04330638,4058335
NCT04328961,4144375
NCT04432324,19025274
NCT04432324,35622675
NCT04387760,36310218
NCT04387760,4273629
NCT04337918,4168133
NCT04334460,36308581
NCT04334460,19025274
NCT04334460,4302259
NCT04334460,2149843
NCT04348461,4052536
NCT04348461,4140455
NCT04348461,423913
NCT04348461,3186744
NCT04348461,36310597
NCT04363463,4072513
NCT04363463,19025274
NCT04363463,19025274
NCT04363541,45768197
NCT04261907,19025274
NCT04357444,4072513
NCT04357444,4242257
NCT04357444,4059951
NCT04341727,19025274
NCT04341727,4163951
NCT04341727,4273629
NCT04341727,706637
NCT04412538,4144375
NCT04412538,4132855
NCT04412538,4144375
NCT04412538,4134598
NCT04412538,420705
NCT04412538,4190432
NCT04412538,4314777
NCT04412538,4240345
NCT04412538,2149843
NCT04389840,19025274
NCT04389840,42539565
NCT04389840,35622675
NCT04424134,19025274
NCT04382651,4202832
NCT04421534,19025274
NCT04362137,4202832
NCT04405908,4273629
NCT04405908,4144375
NCT04405908,4144375
NCT04405908,4215685
NCT04405908,4127886
NCT04405908,4001541
NCT04405908,429799
NCT04375202,19025274
NCT04389580,4027509
NCT04389580,45882935
NCT04345614,4013354
NCT04345614,40486624
NCT04345614,4052536
NCT04345614,3037922
NCT04345614,4273629
NCT04345614,4242843
NCT04345614,412012
NCT04345614,4324124
NCT04345614,4272314
NCT04345614,3002644
NCT04345614,2149843
NCT04362176,4182536
NCT04351620,706637
NCT04331613,4300185
NCT04331613,4072513
NCT04331613,36308581
NCT04359810,19025274
NCT04402944,4052536
NCT04425460,45882769
NCT04425460,37018292
NCT04425460,412012
NCT04425460,4324124
NCT04425460,407374
NCT04382729,4217482
NCT04382729,4577284
NCT04437823,35622675
NCT04334967,412012
NCT04390152,4314777
NCT04408209,4202832
NCT04408209,19006871
NCT04408209,4182536
NCT04379336,4028623
NCT04379336,4273629
NCT04344561,4202832
NCT04341285,19025274
NCT04326920,19025274
NCT04326920,4058335
NCT04381052,4027509
NCT04348695,45882769
NCT04348695,4302259
NCT04348695,4131021
NCT04348695,4127886
NCT04348695,4027509
NCT04345848,44782967
NCT04288713,4314777
NCT04353180,4027509
NCT04353180,45882935
NCT04335552,4163951
NCT04399798,19025274
NCT04412057,4202832
NCT04399980,19025274
NCT04399980,4028623
NCT04399980,4141762
NCT04399980,37018292
NCT04399980,4144375
NCT04399980,4314777
NCT04399980,4027509
NCT04399980,45882909
NCT04399980,4152025
NCT04399980,429799
NCT04399980,4306298
NCT04399980,4027509
NCT04399980,42872855
NCT04399980,4027509
NCT04426695,4052536
NCT04426695,37018292
NCT04426695,19025274
NCT04346615,19025274
NCT04346615,4052536
NCT04346615,36308581
NCT04346615,4240345
NCT04358783,423913
NCT04363437,36308581
NCT04363437,19025274
NCT04363437,35622675
NCT04363437,4273629
NCT04332042,19025274
NCT04332042,4170285
NCT04351516,4242843
NCT04334382,4028623
NCT04334382,4324124
NCT04334382,37018292
NCT04414124,423913
NCT04344756,4182536
NCT04344756,19025274
NCT04377477,19025274
NCT04377477,4029715
NCT04424901,4302259
NCT04424901,4202832
NCT04424901,19025274
NCT04366908,4079535
NCT04275388,4033232
NCT04275388,4125482
NCT04275388,19025274
NCT04275388,42538189
NCT04346147,4302259
NCT04372628,706637
NCT04372628,4163951
NCT04381884,407374
NCT04379492,19025274
NCT04379492,706637
NCT04344041,423913
NCT04329611,4163951
NCT04334928,412012
NCT04361032,706637
NCT04393792,4033232
NCT04368000,4024127
NCT04368000,4100637
NCT04368000,764537
NCT04368000,35608097
NCT04368000,4337138
NCT04368000,19025274
NCT04368000,4168133
NCT04331366,4202832
NCT04357730,706637
NCT04357730,4052536
NCT04357730,42537894
NCT04357730,4080549
NCT04408235,19025274
NCT04408235,4215133
NCT04408235,4228759
NCT04327206,4019381
NCT04327206,4021326
NCT04321993,706637
NCT04381871,4202832
NCT04384380,4163951
NCT04384380,36308581
NCT04357860,3186744
NCT04357860,19025274
NCT04383548,35622675
NCT04349631,4303257
NCT04377646,4163951
NCT04363866,4163951
NCT04363866,4307649
NCT04382040,19025274
NCT04361435,4073393
NCT04348071,4314777
NCT04348071,4240345
NCT04348071,36308581
NCT04348071,19025274
NCT04348071,4052536
NCT04409873,35625639
NCT04384900,45768197
NCT04384900,44817127
NCT04384900,4024127
NCT04384900,4100637
NCT04384900,764537
NCT04384900,19025274
NCT04352400,35622675
NCT04352400,4182536
NCT04352400,4180938
NCT04352400,412012
NCT04352400,4324124
NCT04352400,37018292
NCT04352400,4052536
NCT04352400,3186744
NCT04420247,706637
NCT04420247,19025274
NCT04356482,36308581
NCT04356482,4202832
NCT04382066,19025274
NCT04403646,4302259
NCT04403646,45768197
NCT04355143,4027509
NCT04355143,4062354
NCT04355143,409891
NCT04355143,4330583
NCT04355143,4271686
NCT04303507,4163951
NCT04303507,4281995
NCT04355676,4013354
NCT04355676,19025274
NCT04355676,4139525
NCT04355676,40486624
NCT04342663,4208341
NCT04342663,4028623
NCT04354597,4125482
NCT04354597,4163951
NCT04365127,706637
NCT04365127,36308581
NCT04385043,4182536
NCT04364022,706637
NCT04384445,4202832
NCT04384445,35622675
NCT04384445,4300185
NCT04384445,4208341
NCT04345276,19025274
NCT04418128,36308581
NCT04393727,19025274
NCT04333628,4174669
NCT04411667,19025274
NCT04429711,19025274
NCT04429711,4052536
NCT04429711,19006871
NCT04405739,19025274
NCT04405739,4028623
NCT04405739,4144375
NCT04405739,36308581
NCT04405739,45875989
NCT04405739,4028623
NCT04405739,4242843
NCT04405739,4121697
NCT04393246,19025274
NCT04393246,706637
NCT04335032,4202832
NCT04335032,19025274
NCT04385095,44810376
NCT04323631,19025274
NCT04323631,4052536
NCT04323631,19006871
NCT04323631,412012
NCT04305457,4168133
NCT04305457,4202832
NCT04404361,4202832
NCT04404361,4302259
NCT04403243,19025274
NCT04403243,4314777
NCT04366739,19025274
NCT04370236,4202832
NCT04370236,4165535
NCT04370236,4163872
NCT04387240,45768197
NCT04366232,4144375
NCT04397328,4121561
NCT04397328,4300185
NCT04397328,4314777
NCT04302766,706637
NCT04344106,37079536
NCT04344106,764537
NCT04344106,21499495
NCT04397718,4163951
NCT04397718,4207679
NCT04344288,4208341
NCT04344288,4314777
NCT04344288,4072513
NCT04344288,19025274
NCT04441398,45883741
NCT04441398,706637
NCT04441398,4273629
NCT04441398,4220084
NCT04356534,4300757
NCT04426201,4208341
NCT04392414,4182536
NCT04392414,19025274
NCT04343963,19025274
NCT04359277,44782967
NCT04345991,4182536
NCT04355429,19025274
NCT04355429,19006871
NCT04355429,35622675
NCT04435314,45883741
NCT04435314,706637
NCT04435314,4273629
NCT04435314,4220084
NCT04385186,4182536
NCT04385186,36309989
NCT04402060,19025274
NCT04402060,4106628
NCT04402060,2721358
NCT04356690,37018292
NCT04356690,4052536
NCT04356690,4202832
NCT04333368,4072513
NCT04333368,4242257
NCT04333368,45875989
NCT04333368,4059951
NCT04350593,19025274
NCT04350593,4013354
NCT04350593,19025274
NCT04350593,19006871
NCT04350593,1002469
NCT04327349,4202832
NCT04350281,4144375
NCT04388709,45768197
NCT04388709,36308581
NCT04388709,4208341
NCT04349098,4013354
NCT04349098,19025274
NCT04349098,40486624
NCT04399889,35622675
NCT04399889,4314777
NCT04399889,4052536
NCT04379518,4163872
NCT04379518,4300757
NCT04379518,407374
NCT04379518,4180938
NCT04379518,4220084
NCT04363060,44784322
NCT04363060,4163951
NCT04412356,19025274
NCT04412356,4168133
NCT04326075,4165535
NCT04348305,19025274
NCT04377620,4052536
NCT04342182,19025274
NCT04342182,2149843
NCT04342182,4182536
NCT04417335,4208341
NCT04417335,4028623
NCT04417335,4273629
NCT04345523,19025274
NCT04345523,4139525
NCT04345523,706637
NCT04380519,35622675
NCT04351724,706637
NCT04351724,4299658
NCT04351724,4228759
NCT04374279,19025274
NCT04405921,4302259
NCT04374487,35622675
NCT04336462,4180938
NCT04336462,407374
NCT04336462,4054047
NCT04336462,45881056
NCT04336462,19025274
NCT04411446,19025274
NCT04411446,412012
NCT04341116,4072513
NCT04341116,4052536
NCT04432298,19025274
NCT04432298,4052536
NCT04400058,19025274
NCT04412486,4182536
NCT04382924,706637
NCT04382924,19025274
NCT04382924,4052536
NCT04343001,19025274
NCT04358406,4052536
NCT04358406,4220084
NCT04358406,4300185
NCT04358406,706637
NCT04348409,45883741
NCT04329832,4028623
NCT04343248,4144375
NCT04355052,45880365
NCT04311697,19025274
NCT04311697,4052536
NCT04311697,4300185
NCT04313023,4215685
NCT04354831,19025274
NCT04372368,4182536
NCT04379271,4052536
NCT04379271,36310977
NCT04379271,4202832
NCT04379271,4139525
NCT04379271,4027509
NCT04379271,2149843
NCT04357782,35622675
NCT04343755,19025274
NCT04343755,706637
NCT04373044,19025274
NCT04373044,4208341
NCT04276987,4072513
NCT04276987,4324124
NCT04276987,4052536
NCT04276987,45768197
NCT04425772,37018292
NCT04425772,412012
NCT04425772,4324124
NCT04386447,4324124
NCT04411602,4223728
NCT04411602,36309989
NCT04411602,706637
NCT04331795,19025274
NCT04331795,19025274
NCT04331795,4165535
NCT04331795,19006871
NCT04331795,4028623
NCT04331795,4208341
NCT04331795,421613
NCT04331795,4336464
NCT04331795,36309413
NCT04331795,4172438
NCT04331795,4054047
NCT04331795,4220084
NCT04331795,412012
NCT04356937,4242843
NCT04356937,19025274
NCT04356937,4307649
NCT04427098,4215133
NCT04427098,4228759
NCT04427098,44782967
NCT04350320,19025274
NCT04350320,42537546
NCT04353037,4302259
NCT04353037,4166438
NCT04353037,405741
NCT04353037,4184832
NCT04353037,4280677
NCT04330300,42536005
NCT04366245,19025274
NCT04366245,706637
NCT04357808,19025274
NCT04384731,4172438
NCT04384731,4054047
NCT04384731,4052536
NCT04342650,19025274
NCT04342650,36308581
NCT04335201,4335481
NCT04432103,706637
NCT04252664,37018292
NCT04252664,412012
NCT04252664,4324124
NCT04333355,4182536
NCT04333355,706637
NCT04361214,706637
NCT04424797,4202832
NCT04424797,21499495
NCT04424797,19006871
NCT04280705,412012
NCT04280705,4050864
NCT04280705,4027509
NCT04280705,4027509
NCT04395911,37018292
NCT04395911,4208341
NCT04395911,4273629
NCT04395911,4220084
NCT04437693,376106
NCT04395144,4013354
NCT04395144,19025274
NCT04260594,19025274
NCT04260594,4028623
NCT04260594,4163951
NCT04260594,4180938
NCT04421508,45768197
NCT04421508,4168133
NCT04361526,4202832
NCT04380701,4132855
NCT04380701,42537894
NCT04380701,4174669
NCT04380701,4144375
NCT04380701,4240345
NCT04380701,45762562
NCT04380701,42538189
NCT04380701,40973
NCT04380701,4330583
NCT04380701,4027509
NCT04374149,36309413
NCT04415086,4182536
NCT04338958,4027509
NCT04338958,45882909
NCT04338958,4152025
NCT04338958,429799
NCT04338958,4306298
NCT04338958,4027509
NCT04338958,42872855
NCT04338958,4027509
NCT04273646,45875989
NCT04388683,4202832
NCT04388683,4202832
NCT04388683,19025274
NCT04373707,4118659
NCT04373707,4162591
NCT04373707,4052536
NCT04373707,36310597
NCT04373707,4217482
NCT04369469,19025274
NCT04369469,4202832
NCT04369469,46235181
NCT04366063,42538189
NCT04366063,706637
NCT04366063,45875989
NCT04374565,19025274
NCT04429529,4144375
NCT04429529,4027509
NCT04390178,4028623
NCT04377672,4182536
NCT04407130,4302259
NCT04415060,35622675
NCT04415060,45768197
NCT04415060,4172438
NCT04386616,4163951
NCT04386616,4162102
NCT04345861,706637
NCT04345861,4163951
NCT04401527,19006871
NCT04401527,4337138
NCT04401527,4052536
NCT04392232,4163872
NCT04336904,45882769
NCT04336904,37018292
NCT04336904,412012
NCT04336904,4324124
NCT04336904,407374
NCT04336748,4027509
NCT04382391,4093739
NCT04382391,4234743
NCT04433910,45768197
NCT04433910,407374
NCT04433910,19006871
NCT04442230,44790257
NCT04442230,4273629
NCT04442230,4220084
NCT04442230,4127886
NCT04442230,4117038
NCT04442230,4001541
NCT04442230,4306298
NCT04442230,4052187
NCT04442230,4330583
NCT04428073,4144375
NCT04390412,4220084
NCT04315948,706637
NCT04368156,4093739
NCT04368156,4234743
NCT04412291,19025274
NCT04412291,4240345
NCT04428008,2615763
NCT04428008,4300185
NCT04428008,4141762
NCT04428008,4028623
NCT04428008,4242843
NCT04422678,19025274
NCT04303299,4166767
NCT04438057,423913
NCT04438057,4182536
NCT04412668,4202832
NCT04416334,4273629
NCT04360122,4029715
NCT04361474,4013636
NCT04361474,4058335
NCT04420988,4223728
NCT04420988,36309989
NCT04420988,706637
NCT04364893,4202832
NCT04364893,19025274
NCT04291729,19025274
NCT04347239,4013354
NCT04347239,19025274
NCT04347239,4139525
NCT04347239,40486624
NCT04374552,706637
NCT04374552,35806272
NCT04336254,37018292
NCT04336254,412012
NCT04336254,4324124
NCT04336254,4027509
NCT04420299,44803204
NCT04257656,37018292
NCT04257656,412012
NCT04257656,4324124
NCT04436471,4144375
NCT04436471,4144375
NCT04321096,4271686
NCT04321096,4027509
NCT04335084,4307649
NCT04411433,45767995
NCT04411433,4273629
NCT04328441,4208341
NCT04328441,4028623
NCT04328441,4273629
NCT04328441,44789362
NCT04322682,4273629
NCT04322682,4215685
NCT04322682,4271686
NCT04322682,4027509
NCT04414267,4208341
NCT04414267,4028623
NCT04414267,4273629
NCT04414267,4029715
NCT04396067,4027509
NCT04396067,45882935
NCT04396067,4032404
NCT04388826,19025274
NCT04338828,4168133
NCT04379076,4027509
NCT04379076,4273629
NCT04379076,4208341
NCT04341675,44805694
NCT04341675,4139525
NCT04341675,4165535
NCT04341675,19025274
NCT04341675,45875989
NCT04341675,37018292
NCT04368728,4144375
NCT04368728,3186744
NCT04368728,42538189
NCT04368728,4314777
NCT04358809,4220084
NCT04358809,4240345
NCT04355767,4182536
NCT04355767,36308581
NCT04363827,706637
NCT04363827,4205779
NCT04414618,4202832
NCT04414618,19025274
NCT04414618,4163951
NCT04418531,19025274
NCT04418531,4202832
NCT04418531,19025274
NCT04429854,4202832
NCT04429854,19025274
NCT04429854,4013354
NCT04395768,4163951
NCT04363216,19025274
NCT04345601,4052536
NCT04345601,3701751
NCT04398303,3701751
NCT04398303,4337138
NCT04398303,4059951
NCT04398303,4106628
NCT04358081,37018292
NCT04358081,4027509
NCT04359290,706637
NCT04372589,19025274
NCT04372589,45889229
NCT04372589,42537894
NCT04372589,4022173
NCT04372589,44782967
NCT04372589,42539565
NCT04344444,4163951
NCT04374591,407374
NCT04442191,36308581
NCT04399317,4052536
NCT04381988,3027941
NCT04381988,706637
NCT04381988,407374
NCT04381988,4220084
NCT04315987,45875989
NCT04427501,19025274
NCT04427501,429709
NCT04427501,35622675
NCT04412772,4052536
NCT04418505,36308581
NCT04355728,35622675
NCT04355728,4021976
NCT04355728,4052536
NCT04355728,3701751
NCT04366271,19025274
NCT04366271,4273629
NCT04366271,4314777
NCT04366271,4028623
NCT04410354,19025274
NCT04410354,4052536
NCT04410354,4314777
NCT04418518,4202832
NCT04418518,4202832
NCT04418518,4182536
NCT04414631,19025274
NCT04404426,4029715
NCT04404426,4273629
NCT04404426,4314777
NCT04404426,46285248
NCT04345653,4302259
NCT04389359,4040252
NCT04358835,35622675
NCT04390061,19025274
NCT04390061,4170285
NCT04397497,19025274
NCT04371640,4208341
NCT04371640,45880431
NCT04332991,4163951
NCT04342689,40483096
NCT04342689,40483096
NCT04365231,13983
NCT04365231,36308581
NCT04325906,4202832
NCT04325906,19006871
NCT04372979,4182536
NCT04374903,4125482
NCT04374903,37018292
NCT04374903,44805694
NCT04374903,4139525
NCT04374903,4165535
NCT04374903,19025274
NCT04378920,4052536
NCT04374539,19025274
NCT04374539,1321341
NCT04374539,412012
NCT04343651,19025274
NCT04343651,4072513
NCT04343651,706637
NCT04365101,35622675
NCT04365101,4127886
NCT04365101,429799
NCT04365101,4327748
NCT04363372,44784322
NCT04363372,4027509
NCT04345445,19025274
NCT04326452,4202832
NCT04346355,19025274
NCT04346355,19025274
NCT04395456,4202832
NCT04395456,46235181
NCT04395456,4273629
NCT04333654,36308581
NCT04333654,4163951
NCT04333654,706637
NCT04409327,4314777
NCT04421664,4273629
NCT04360876,4240345
NCT04375397,19025274
NCT04375397,42537894
NCT04375397,46235288
NCT04333914,4176683
NCT04333914,42537894
NCT04333914,4144375
NCT04333914,42538189
NCT04333914,4028623
NCT04333914,4208341
NCT04311177,706637
NCT04394182,4273629
NCT04380688,19025274
NCT04380688,45877212
NCT04390022,4163872
NCT04390022,4215685
NCT04441385,4336464
NCT04441385,4296227
NCT04340050,40973
NCT04402840,4052536
NCT04402840,4237289
NCT04349592,4163951
NCT04346199,45877212
NCT04425538,4202832
NCT04425538,706637
NCT04317040,19025274
NCT04317040,4052536
NCT04317040,37018292
NCT04317040,412012
NCT04317040,4324124
NCT04338906,4302259
NCT04318444,706637
NCT04318444,4205779
NCT04390503,4182536
NCT04390503,35622675
NCT04315298,4240345
NCT04315298,4144375
NCT04315298,4052536
NCT04390217,19025274
NCT04390217,37018292
NCT04390217,4033232
NCT04390217,4101626
NCT04335071,44784322
NCT04366050,19025274
NCT04375046,19025274
NCT04375046,4052536
NCT04261270,19025274
NCT04261270,4027509
NCT04386252,4144375
NCT04428268,4163951
NCT04407208,4182536
NCT04433013,4028623
NCT04433949,19025274
NCT04365153,4305615
NCT04365153,4180938
NCT04365153,1002469
NCT04365153,19025274
NCT04365153,4273629
NCT04365153,4028623
NCT04365153,37018292
NCT04365153,4314777
NCT04365153,4330583
NCT04365153,4027509
NCT04365153,45882909
NCT04365153,4152025
NCT04365153,429799
NCT04365153,4306298
NCT04365153,4027509
NCT04365153,42872855
NCT04365153,4027509
NCT04403685,19025274
NCT04331054,4222885
NCT04348435,4303257
NCT04322773,4240345
NCT04402866,19025274
NCT04402866,36308581
NCT04366180,4300185
NCT04359680,4144375
NCT04359680,3002644
NCT04359680,3002644
NCT04286503,3039437
NCT04286503,4052536
NCT04286503,407374
NCT04433546,19025274
NCT04433546,4158108
NCT04362059,706637
NCT04412018,4330583
NCT04412018,4271686
NCT04351152,19025274
NCT04351152,4314777
NCT04351152,4021326
NCT04363853,851
NCT04363853,19025274
NCT04340232,4314777
NCT04340232,4240345
NCT04340232,36308581
NCT04340232,19025274
NCT04340232,4052536
NCT04440007,4140835
NCT04382950,4027509
NCT04382950,45882935
NCT04292730,19025274
NCT04367831,4215133
NCT04367831,4215132
NCT04367831,36712821
NCT04367831,42537894
NCT04367831,4052536
NCT04367831,1002469
NCT04367831,42539565
NCT04353206,3701751
NCT04353206,423255
NCT04353206,4165535
NCT04353206,42082799
NCT04353206,4223728
NCT04353206,36309989
NCT04353206,706637
NCT04441918,4144375
NCT04441918,4216339
NCT04441918,42537894
NCT04441918,320536
NCT04441918,4300185
NCT04441918,2149843
NCT04441918,4024656
NCT04441918,40973
NCT04438850,706637
NCT04438850,44810376
NCT04362111,4148887
NCT04362111,408573
NCT04362111,19025274
NCT04437875,4144375
NCT04437875,4144375
NCT04361422,4027509
NCT04305106,37018292
NCT04305106,412012
NCT04305106,4324124
NCT04305106,4242804
NCT04305106,40483276
NCT04305106,416285
NCT04409834,44782967
NCT04409834,42539565
NCT04392778,19025274
NCT04361318,706637
NCT04342897,45768197
NCT04342897,706637
NCT04342897,42537894
NCT04356508,4300185
NCT04356508,19025274
NCT04356508,4139525
NCT04356508,423913
NCT04356508,4163872
NCT04356508,37397252
NCT04352465,706637
NCT04417257,706637
NCT04417257,4029715
NCT04417257,4215685
NCT04417257,3002644
NCT04340349,4028623
NCT04413838,4152895
NCT04413838,37395712
NCT04413838,4314777
NCT04313127,42538189
NCT04313127,4144375
NCT04313127,4021316
NCT04313127,4180938
NCT04346368,37018292
NCT04346368,412012
NCT04346368,4324124
NCT04353518,4240345
NCT04371965,4027509
NCT04415151,19025274
NCT04415151,4052536
NCT04401579,412012
NCT04401579,4050864
NCT04401579,44783513
NCT04401579,4021326
NCT04401579,4027509
NCT04401579,4027509
NCT04359797,19025274
NCT04402957,4208341
NCT04402957,19025274
NCT04411680,4202832
NCT04411680,19025274
NCT04333225,3002644
NCT04383002,4052536
NCT04345692,706637
NCT04383574,4144375
NCT04383574,4030107
NCT04383574,4125482
NCT04383574,4314777
NCT04383574,4144375
NCT04389385,4072513
NCT04389385,4052536
NCT04389385,45768197
NCT04332835,4301351
NCT04332835,4029715
NCT04332835,4273629
NCT04348474,45883741
NCT04348474,4098033
NCT04348474,1710612
NCT04381364,36308581
NCT04383535,4182536
NCT04329195,19025274
NCT04393051,19025274
NCT04392128,423913
NCT04392128,19025274
NCT04368377,42537894
NCT04428801,45875989
NCT04428801,4307649
NCT04428801,46235176
NCT04347915,19025274
NCT04347915,19025274
NCT04376684,4052536
NCT04376684,19006871
NCT04376684,4029715
NCT04376684,4273629
NCT04376684,4314777
NCT04516915,4029715
NCT04508868,4305728
NCT04501978,4027509
NCT04501978,19025274
NCT04501978,4052536
NCT04501978,1002469
NCT04501978,19006871
NCT04522986,4144136
NCT04523181,19025274
NCT04523181,4202832
NCT04523181,45768197
NCT04523181,4052536
NCT04523181,320536
NCT04523181,423913
NCT04523181,2149843
NCT04497948,45882769
NCT04497948,706386
NCT04497948,40483096
NCT04497948,44782967
NCT04510454,4211641
NCT04537130,4027509
NCT04532931,706637
NCT04530474,4163872
NCT04530474,4300757
NCT04526054,4013636
NCT04514302,706637
NCT04514302,19025274
NCT04514302,4052536
NCT04514302,19025274
NCT04525378,4273629
NCT04525378,706637
NCT04517162,412012
NCT04517162,4050864
NCT04517162,4300185
NCT04517162,4273629
NCT04517162,4180938
NCT04517162,4295112
NCT04546841,3186744
NCT04546841,36310793
NCT04512079,19025274
NCT04512079,19025274
NCT04512079,45889229
NCT04512079,42537894
NCT04512079,4022173
NCT04512079,4021976
NCT04502472,35807211
NCT04502472,4182536
NCT04502472,4310328
NCT04502472,35622675
NCT04500418,706637
NCT04500418,19025274
NCT04542330,4208341
NCT04542330,4028623
NCT04542330,4273629
NCT04518514,4162723
NCT04531748,4028623
NCT04531748,36308581
NCT04505722,429709
NCT04505722,4144375
NCT04508985,19025274
NCT04508985,4273629
NCT04537975,4050864
NCT04537975,4208341
NCT04537975,4052536
NCT04537975,423516
NCT04537975,4234444
NCT04537975,4273629
NCT04537975,4220084
NCT04556513,4072513
NCT04527575,4144375
NCT04530396,4125482
NCT04530396,42538189
NCT04513184,19025274
NCT04530422,19025274
NCT04540419,4144375
NCT04540419,42537894
NCT04517695,37018292
NCT04523831,19025274
NCT04539626,4202832
NCT04539626,4202832
NCT04539275,19025274
NCT04539275,19025274
NCT04539275,4165535
NCT04551339,4028623
NCT04551339,4273629
NCT04495816,19025274
NCT04492514,19025274
NCT04492514,4028623
NCT04492514,4141762
NCT04492514,37018292
NCT04492514,4144375
NCT04492514,4314777
NCT04492514,4027509
NCT04492514,45882909
NCT04492514,4152025
NCT04492514,429799
NCT04492514,4306298
NCT04492514,4027509
NCT04492514,42872855
NCT04492514,4027509
NCT04511819,4302259
NCT04511819,4144375
NCT04510441,45879249
NCT04510441,407374
NCT04510441,3027941
NCT04510194,706637
NCT04540120,42538189
NCT04540120,19025274
NCT04540120,36308581
NCT04540120,4121697
NCT04527562,4273629
NCT04497389,19025274
NCT04497389,4013354
NCT04497389,4242843
NCT04497389,36308581
NCT04523571,4132855
NCT04523571,4144375
NCT04523571,42537894
NCT04523571,4174669
NCT04523571,4144375
NCT04523571,4240345
NCT04523571,45762562
NCT04523571,40973
NCT04523571,4180938
NCT04523571,4330583
NCT04523571,4027509
NCT04536051,4144375
NCT04536051,4144375
NCT04536051,4242843
NCT04536051,42538189
NCT04515147,4144375
NCT04515147,406165
NCT04515147,4240345
NCT04515147,42538189
NCT04545749,4144375
NCT04545749,4314777
NCT04545749,42538189
NCT04545749,4144375
NCT04545749,4021316
NCT04539262,36308581
NCT04534400,4300757
NCT04558372,423913
NCT04504734,45875989
NCT04504734,4273629
NCT04504734,4027509
NCT04504734,4027509
NCT04504734,4271686
NCT04505631,4072513
NCT04537949,4132855
NCT04537949,42537894
NCT04537949,4174669
NCT04537949,4144375
NCT04537949,4240345
NCT04537949,45762562
NCT04537949,42538189
NCT04537949,40973
NCT04537949,3186744
NCT04537949,4330583
NCT04537949,4027509
NCT04510207,45766791
NCT04510207,35622675
NCT04510207,4144375
NCT04510207,4144375
NCT04516564,4144375
NCT04539873,4027509
NCT04491240,4028623
NCT04523246,4273629
NCT04547140,19025274
NCT04547140,35622675
NCT04547140,4072513
NCT04547140,423913
NCT04535674,19025274
NCT04546581,19025274
NCT04546581,19025274
NCT04546581,4052536
NCT04546581,1002469
NCT04546581,19006871
NCT04516759,4202832
NCT04516759,19025274
NCT04516759,4027509
NCT04516759,4211478
NCT04508023,4027663
NCT04508023,44782967
NCT04508023,706637
NCT04498936,4180938
NCT04513158,4182536
NCT04535869,4028623
NCT04554979,4180938
NCT04533347,4013354
NCT04533347,19025274
NCT04533347,40486624
NCT04533347,4052536
NCT04494724,19025274
NCT04494724,4052536
NCT04536363,37018292
NCT04530617,706637
NCT04530617,4203442
NCT04525079,44803204
NCT04525079,429498
NCT04525079,4301351
NCT04525079,4046273
NCT04525079,4024656
NCT04525079,4065277
NCT04525079,4163951
NCT04534712,4314777
NCT04549376,19025274
NCT04534478,4337138
NCT04502368,35916508
NCT04502368,37398742
NCT04502368,36310218
NCT04502368,4093739
NCT04507282,706637
NCT04525443,45878978
NCT03871491,408573
NCT04535063,19025274
NCT04497649,45875989
NCT04493307,4072513
NCT04493307,412012
NCT04493307,4324124
NCT04498247,42537546
NCT04498247,4273629
NCT04522089,4143329
NCT04522089,4144375
NCT04522089,4163951
NCT04522089,4240345
NCT04522089,4307649
NCT04526990,4144375
NCT04529525,3701751
NCT04529525,706637
NCT04529525,4215685
NCT04501796,36308581
NCT04501796,19025274
NCT04501796,4052536
NCT04501796,706637
NCT04502069,19025274
NCT04541979,36308581
NCT04528771,4172438
NCT04528771,4337138
NCT04528771,423232
NCT04528771,4052536
NCT04539795,19025274
NCT04516941,4228759
NCT04516941,4217482
NCT04516941,4302259
NCT04516941,414345
NCT04516941,4151769
NCT04538469,4301351
NCT04542876,19025274
NCT04542876,4242843
NCT04508556,19025274
NCT04508556,4338837
NCT04542993,36308581
NCT04519424,4202832
NCT04519424,19025274
NCT04519424,4052536
NCT04519424,4013354
NCT04519424,4311405
NCT03474965,4182536
NCT03474965,35622675
NCT03474965,429709
NCT03474965,4180938
NCT03474965,42539565
NCT03474965,2109368
NCT03474965,4163883
NCT03474965,3002644
NCT04521036,706637
NCT04521036,4052536
NCT04537208,4215685
NCT04537208,4144375
NCT04537208,4144375
NCT04537208,4314777
NCT04537208,4220084
NCT04526717,37018292
NCT04526717,412012
NCT04526717,4324124
NCT04555213,4013354
NCT04555213,19025274
NCT04555213,4139525
NCT04555213,45768197
NCT04555213,4052536
NCT04533048,4019381
NCT04533048,40973
NCT04533048,4128974
NCT04533048,4027509
NCT04548531,937652
NCT04548531,4249893
NCT04497623,19025274
NCT04551768,19025274
NCT04532372,4013354
NCT04532372,19025274
NCT04532372,4139525
NCT04532372,40486624
NCT04532372,4052536
NCT04532372,4242843
NCT04532372,4144375
NCT04532372,4307649
NCT04508439,42537894
NCT04508439,412012
NCT04508439,4324124
NCT04516824,4166767
NCT04527471,19025274
NCT04527471,4027509
NCT04527471,4027509
NCT04527471,36308581
NCT04527471,19025274
NCT04527471,4139525
NCT04527081,4144375
NCT04527081,4330583
NCT04527081,4117038
NCT04527081,4021326
NCT04527081,4021316
NCT04497324,4182536
NCT04497324,706637
NCT04547127,35622675
NCT04555096,4052536
NCT04555096,4182536
NCT04536298,4220084
NCT04536298,4273629
NCT04536298,706637
NCT04519320,4072513
NCT04527354,36310793
NCT04527354,4273629
NCT04527354,3003037
NCT04518969,4300757
NCT04518969,4052536
NCT04518969,4273629
NCT04498325,706637
NCT04498325,4144375
NCT04498325,4144375
NCT04498325,42538189
NCT04513470,4202832
NCT04536090,706637
NCT04536090,4027509
NCT04536090,423913
NCT04536090,4215685
NCT04494399,4144375
NCT04541680,4129296
NCT04541680,42539565
NCT04528368,4182536
NCT04528641,4144375
NCT04528641,4273629
NCT04528641,438028
NCT04528641,4144375
NCT04528641,45762562
NCT04528641,42538189
NCT04530604,19025274
NCT04530604,4130829
NCT04530604,4182536
NCT04530604,36309989
NCT04530604,4052536
NCT04505098,421613
NCT04505098,4021976
NCT04516746,4144375
NCT04530136,19025274
NCT04508075,4144375
NCT04508075,4144375
NCT04508075,42538189
NCT04508075,4132855
NCT04510038,4027509
NCT04510038,4062354
NCT04510038,409891
NCT04510038,4330583
NCT04510038,4271686
NCT04559113,4208341
NCT04513210,36310597
NCT04550325,4139525
NCT04550325,19025274
NCT04550325,19025274
NCT04550325,4052536
NCT04550325,42537894
NCT04550325,706637
NCT04524663,44784322
NCT04524663,35807403
NCT04524663,4273629
NCT04548544,4576757
NCT04548544,4013636
NCT04548544,4155552
NCT04537806,42538189
NCT04494646,4202832
NCT04494646,19025274
NCT04494646,706637
NCT04540406,706386
NCT04540406,706637
NCT04526912,19025274
NCT04526912,4273629
NCT04516837,408573
NCT04516837,4125482
NCT04516837,3186744
NCT04492254,4078199
NCT04492254,45878978
NCT04492254,42539565
NCT04500626,19025274
NCT04501952,36308581
NCT04537663,4021326
NCT04537663,4208341
NCT04537663,4028623
NCT04549922,19025274
NCT04549922,19025274
NCT04549922,19025274
NCT04549922,3701751
NCT04521400,4202832
NCT04543760,4202832
NCT04543760,19025274
NCT04511923,4052536
NCT04551898,19025274
NCT04551898,429709
NCT04490486,4202832
NCT04490486,35622675
NCT04490486,4300185
NCT04490486,4208341
NCT04490486,4021976
NCT04490486,46292277
NCT04490486,4052536
NCT04556864,4052536
NCT04556864,44803204
NCT04558021,4028623
NCT04558021,4208341
NCT04558021,35807403
NCT04501783,19025274
NCT04501783,407374
NCT04501783,35608097
NCT04501783,4304358
NCT04494204,19006871
NCT04494204,19025274
NCT04494204,4207679
NCT04497454,37398742
NCT04535856,45875989
NCT04534673,44791135
NCT04534673,4202832
NCT04534673,19025274
NCT04534673,4208341
NCT04558125,432295
NCT04558125,35916704
NCT04558125,42537894
NCT04558125,3025779
NCT04558125,706637
NCT04558125,4052536
NCT04558125,4080549
NCT04558125,4056822
NCT04528888,4228759
NCT04497298,42538189
NCT04497298,4144375
NCT04497298,4144375
NCT04497298,429709
NCT04497298,4127886
NCT04497298,4117038
NCT04497298,4027509
NCT04497298,2149843
NCT04516954,706637
NCT04516954,4052536
NCT04504032,36308581
NCT04504032,4019239
NCT04504032,706637
NCT04504032,4273629
NCT04504032,4478283
NCT04504032,4080549
NCT04551547,4144375
NCT04551547,4030107
NCT04551547,4125482
NCT04551547,4314777
NCT04551547,4240345
NCT04551547,4144375
NCT04514627,4208341
NCT04514627,2721138
NCT04514627,19025274
NCT04531618,36310597
NCT04555148,19025274
NCT04555148,4052536
NCT04530656,42538189
NCT04530656,4260518
NCT04530656,4314777
NCT04530656,4021316
NCT04530656,4144375
NCT04530656,4180938
NCT04547257,42538189
NCT04507256,4027509
NCT04530357,4144375
NCT04530357,4180938
NCT04545541,4127886
NCT04545541,4052536
NCT04545541,4163872
NCT04545541,407374
NCT04547660,35622675
NCT04547660,4182536
NCT04525404,4013636
NCT04540393,42538189
NCT04540393,4027509
NCT04540185,4144375
NCT04540185,42538189
NCT04540185,4132738
NCT04495933,4240345
NCT04495933,4144375
NCT04495933,4314777
NCT04495933,4273629
NCT04495933,4144375
NCT04495933,42538189
NCT04495933,4127886
NCT04495933,4001541
NCT04495933,429799
NCT04495933,2149843
NCT04501432,40492338
NCT04559035,36308581
NCT04559035,44790257
NCT04528927,4303995
NCT04533399,4271686
NCT04558424,19025274
NCT04542967,4182536
NCT04542967,706637
NCT04542694,407374
NCT04542694,4069693
NCT04542694,4180938
NCT04542694,4302259
NCT04516811,19025274
NCT04529499,4013354
NCT04529499,19025274
NCT04529499,45768197
NCT04529499,4052536
NCT04529499,706637
NCT04529499,4307649
NCT04529499,4117038
NCT04493242,4121697
NCT04493242,4052536
NCT04494386,19025274
NCT04550351,4240345
NCT04550351,4144375
NCT04550351,4021316
NCT04550351,4125482
NCT04550351,4144375
NCT04502433,4052536
NCT04542434,19025274
NCT04492475,4052536
NCT04492475,4027509
NCT04492475,4027509
NCT04499677,4144375
NCT04025580,4144375
NCT04025580,4144375
NCT04025580,44789362
NCT04025580,4273629
NCT04498377,4300185
NCT04527224,423232
NCT04527224,4052536
NCT04527224,4314777
NCT04527224,4300185
NCT04527224,37018292
NCT04527224,4027509
NCT04527224,45882909
NCT04527224,4153285
NCT04535778,38003475
NCT04551781,4273629
NCT04551781,4300757
NCT04551781,407374
NCT04535700,706637
NCT04535700,19025274
NCT04517123,4255407
NCT04554992,4182536
NCT04509947,4271686
NCT04509947,4144375
NCT04509947,2149843
NCT04520620,38004262
NCT04495101,19025274
NCT04495101,35622675
NCT04495101,4072513
NCT04495101,423913
NCT04511650,19025274
NCT04511650,4139525
NCT04511650,40486624
NCT04511650,4052536
NCT04511650,412012
NCT04511650,4050864
NCT04511650,4273629
NCT04511650,45875989
NCT04517396,706637
NCT04527315,4013636
NCT04527315,45758235
NCT04527315,3176607
NCT04527315,4300037
NCT04527315,430094
NCT04527315,36717612
NCT04527315,46270117
NCT04527315,4293435
NCT04527315,41993163
NCT04534725,4029715
NCT04534725,19025274
NCT04534725,4052536
NCT04534725,19025274
NCT04534725,4021326
NCT04534725,757683
NCT04534725,19025274
NCT04536350,44784322
NCT04536350,19025274
NCT04536350,19006871
